"name","function_id","function_name","number","percent"
"car",310,"<anonymous>",128466,4.97159635123698
"car",144,"base::eval",6233,0.241215263628198
"car",284,"base::eval.parent",18,0.000696594696824573
"car",149,"eval",6233,0.241215263628198
"car",648,"base::force",225,0.00870743371030716
"car",67,"forceAndCall",3050,0.118034101406386
"car",944,"boot::boot.return",1,3.8699705379143e-05
"car",287,"<-",702,0.0271671931761584
"car",447,"@<-",1113,0.0430727720869861
"car",837,"[<-",26,0.00100619233985772
"car",192,"attr<-",14791,0.572407342262903
"car",112,"attributes<-",2221,0.0859520456470765
"car",809,"base::$<-.data.frame",29,0.00112229145599515
"car",653,"base::Encoding<-",4,0.000154798821516572
"car",895,"base::[<-.data.frame",3,0.000116099116137429
"car",836,"base::[<-.factor",26,0.00100619233985772
"car",535,"base::body<-",40,0.00154798821516572
"car",945,"base::colnames<-",6,0.000232198232274858
"car",899,"base::dimnames<-.data.frame",3,0.000116099116137429
"car",313,"base::parent.env<-",40,0.00154798821516572
"car",900,"base::row.names<-",3,0.000116099116137429
"car",901,"base::row.names<-.data.frame",3,0.000116099116137429
"car",947,"base::rownames<-",2,7.73994107582859e-05
"car",527,"body<-",80,0.00309597643033144
"car",528,"body<-",40,0.00154798821516572
"car",105,"class<-",2566,0.0993034440028808
"car",65,"dim<-",44,0.00170278703668229
"car",66,"dimnames<-",67,0.00259288026040258
"car",370,"environment<-",1137,0.0440015650160855
"car",554,"length<-",17,0.00065789499144543
"car",162,"levels<-",108,0.00417956818094744
"car",562,"methods::as<-",15,0.000580495580687144
"car",540,"methods::packageSlot<-",40,0.00154798821516572
"car",78,"names<-",5298,0.205031039098699
"car",727,"oldClass<-",4166,0.16122297260951
"car",313,"parent.env<-",1024,0.0396284983082424
"car",314,"parent.env<-",1064,0.0411764865234081
"car",163,"storage.mode<-",1073,0.0415247838718204
"car",409,"assign",1719,0.0665247935467467
"car",344,"assignNativeRoutines",14,0.000541795875308001
"car",327,"assignWrapped",660,0.0255418055502343
"car",408,"base::assign",1719,0.0665247935467467
"car",551,"methods::.assignOverBinding",62,0.00239938173350686
"car",101,"base::sprintf",105,0.00406346906481001
"checkmate",350,"<anonymous>",111491,11.2538849225135
"checkmate",982,"<anonymous>",10,0.00100939850952216
"checkmate",143,"base::eval",1537,0.155144550913556
"checkmate",293,"base::eval.parent",21,0.00211973686999654
"checkmate",148,"eval",1537,0.155144550913556
"checkmate",970,"plyr::revalue",10,0.00100939850952216
"checkmate",573,"base::force",34,0.00343195493237535
"checkmate",66,"forceAndCall",281,0.0283640981175727
"checkmate",605,"$<-",5,0.00050469925476108
"checkmate",296,"<-",595,0.0600592113165686
"checkmate",469,"@<-",925,0.0933693621307999
"checkmate",204,"attr<-",838,0.0845875950979571
"checkmate",111,"attributes<-",1005,0.101444550206977
"checkmate",600,"base::$<-.data.frame",16,0.00161503761523546
"checkmate",657,"base::[[<-.data.frame",20,0.00201879701904432
"checkmate",501,"base::body<-",34,0.00343195493237535
"checkmate",666,"base::colnames<-",75,0.00757048882141621
"checkmate",1075,"base::formals<-",3,0.000302819552856648
"checkmate",641,"base::levels<-.factor",5,0.00050469925476108
"checkmate",352,"base::parent.env<-",31,0.0031291353795187
"checkmate",660,"base::row.names<-",5,0.00050469925476108
"checkmate",661,"base::row.names<-.data.frame",5,0.00050469925476108
"checkmate",810,"base::rownames<-",35,0.00353289478332756
"checkmate",491,"body<-",62,0.0062582707590374
"checkmate",492,"body<-",31,0.0031291353795187
"checkmate",104,"class<-",829,0.0836791364393871
"checkmate",64,"dim<-",126,0.0127184212199792
"checkmate",65,"dimnames<-",211,0.0212983085509176
"checkmate",407,"environment<-",76,0.00767142867236842
"checkmate",724,"length<-",17,0.00171597746618767
"checkmate",161,"levels<-",67,0.00676297001379848
"checkmate",732,"methods::as<-",16,0.00161503761523546
"checkmate",506,"methods::packageSlot<-",31,0.0031291353795187
"checkmate",77,"names<-",1126,0.113658272172195
"checkmate",627,"oldClass<-",95,0.00958928584046053
"checkmate",352,"parent.env<-",832,0.0839819559922438
"checkmate",353,"parent.env<-",863,0.0871110913717625
"checkmate",769,"stats::contrasts<-",15,0.00151409776428324
"checkmate",162,"storage.mode<-",76,0.00767142867236842
"checkmate",345,"assign",552,0.0557187977256233
"checkmate",337,"assignNativeRoutines",14,0.00141315791333103
"checkmate",322,"assignWrapped",497,0.0501671059232514
"checkmate",344,"base::assign",552,0.0557187977256233
"checkmate",517,"methods::.assignOverBinding",43,0.00434041359094529
"checkmate",590,"base::print",18,0.00181691731713989
"checkmate",941,"base::print.data.frame",5,0.00050469925476108
"checkmate",960,"base::print.default",5,0.00050469925476108
"checkmate",1076,"base::print.function",3,0.000302819552856648
"checkmate",100,"base::sprintf",142,0.0143334588352147
"checkmate",591,"microbenchmark::print.microbenchmark",5,0.00050469925476108
"checkmate",961,"print.default",5,0.00050469925476108
"colorspace",358,"<anonymous>",67748,8.64566038843451
"colorspace",144,"base::eval",397,0.0506631512990568
"colorspace",298,"base::eval.parent",10,0.00127614990677725
"colorspace",149,"eval",397,0.0506631512990568
"colorspace",854,"base::force",29,0.00370083472965402
"colorspace",67,"forceAndCall",142,0.0181213286762369
"colorspace",1280,"return",5,0.000638074953388625
"colorspace",1049,"$<-",6,0.00076568994406635
"colorspace",301,"<-",1212,0.154669368701403
"colorspace",418,"@<-",251,0.032031362660109
"colorspace",1334,"SVindex<-",1,0.000127614990677725
"colorspace",1266,"[<-",11,0.00140376489745497
"colorspace",1235,"[[<-",2,0.00025522998135545
"colorspace",1302,"alpha<-",1,0.000127614990677725
"colorspace",1310,"alphaindex<-",1,0.000127614990677725
"colorspace",207,"attr<-",758,0.0967321629337155
"colorspace",112,"attributes<-",1704,0.217455944114843
"colorspace",1318,"b<-",1,0.000127614990677725
"colorspace",450,"base::body<-",5,0.000638074953388625
"colorspace",1221,"base::colnames<-",2,0.00025522998135545
"colorspace",924,"base::is.na<-",20,0.0025522998135545
"colorspace",925,"base::is.na<-.default",20,0.0025522998135545
"colorspace",1132,"base::mostattributes<-",18,0.00229706983219905
"colorspace",361,"base::parent.env<-",5,0.000638074953388625
"colorspace",440,"body<-",10,0.00127614990677725
"colorspace",441,"body<-",5,0.000638074953388625
"colorspace",105,"class<-",2282,0.291217408726568
"colorspace",1306,"coef<-",1,0.000127614990677725
"colorspace",1377,"cross<-",1,0.000127614990677725
"colorspace",65,"dim<-",104,0.0132719590304834
"colorspace",66,"dimnames<-",138,0.017610868713526
"colorspace",455,"environment<-",14,0.00178660986948815
"colorspace",1375,"error<-",1,0.000127614990677725
"colorspace",1365,"fitted<-",1,0.000127614990677725
"colorspace",1328,"kcall<-",2,0.00025522998135545
"colorspace",1330,"kernelf<-",1,0.000127614990677725
"colorspace",1335,"kernlab::SVindex<-",1,0.000127614990677725
"colorspace",1303,"kernlab::alpha<-",1,0.000127614990677725
"colorspace",1311,"kernlab::alphaindex<-",1,0.000127614990677725
"colorspace",1319,"kernlab::b<-",1,0.000127614990677725
"colorspace",1307,"kernlab::coef<-",1,0.000127614990677725
"colorspace",1378,"kernlab::cross<-",1,0.000127614990677725
"colorspace",1376,"kernlab::error<-",1,0.000127614990677725
"colorspace",1366,"kernlab::fitted<-",1,0.000127614990677725
"colorspace",1329,"kernlab::kcall<-",2,0.00025522998135545
"colorspace",1331,"kernlab::kernelf<-",1,0.000127614990677725
"colorspace",1287,"kernlab::lev<-",1,0.000127614990677725
"colorspace",1256,"kernlab::n.action<-",1,0.000127614990677725
"colorspace",1337,"kernlab::nSV<-",1,0.000127614990677725
"colorspace",1289,"kernlab::nclass<-",1,0.000127614990677725
"colorspace",1323,"kernlab::obj<-",1,0.000127614990677725
"colorspace",1327,"kernlab::param<-",1,0.000127614990677725
"colorspace",1294,"kernlab::prior<-",2,0.00025522998135545
"colorspace",1380,"kernlab::prob.model<-",1,0.000127614990677725
"colorspace",1368,"kernlab::scaling<-",1,0.000127614990677725
"colorspace",1382,"kernlab::terms<-",1,0.000127614990677725
"colorspace",1258,"kernlab::type<-",1,0.000127614990677725
"colorspace",1315,"kernlab::xmatrix<-",1,0.000127614990677725
"colorspace",1333,"kernlab::ymatrix<-",1,0.000127614990677725
"colorspace",598,"length<-",2,0.00025522998135545
"colorspace",1286,"lev<-",1,0.000127614990677725
"colorspace",162,"levels<-",52,0.0066359795152417
"colorspace",606,"methods::as<-",2,0.00025522998135545
"colorspace",456,"methods::packageSlot<-",8,0.0010209199254218
"colorspace",668,"methods::slot<-",44,0.0056150595898199
"colorspace",1255,"n.action<-",1,0.000127614990677725
"colorspace",1336,"nSV<-",1,0.000127614990677725
"colorspace",78,"names<-",1890,0.2411923323809
"colorspace",1288,"nclass<-",1,0.000127614990677725
"colorspace",1322,"obj<-",1,0.000127614990677725
"colorspace",907,"oldClass<-",116,0.0148033389186161
"colorspace",1326,"param<-",1,0.000127614990677725
"colorspace",361,"parent.env<-",851,0.108600357066744
"colorspace",362,"parent.env<-",856,0.109238432020133
"colorspace",1293,"prior<-",2,0.00025522998135545
"colorspace",1379,"prob.model<-",1,0.000127614990677725
"colorspace",1367,"scaling<-",1,0.000127614990677725
"colorspace",163,"storage.mode<-",29,0.00370083472965402
"colorspace",1381,"terms<-",1,0.000127614990677725
"colorspace",1257,"type<-",1,0.000127614990677725
"colorspace",1314,"xmatrix<-",1,0.000127614990677725
"colorspace",1332,"ymatrix<-",1,0.000127614990677725
"colorspace",416,"assign",680,0.086778193660853
"colorspace",332,"assignNativeRoutines",9,0.00114853491609952
"colorspace",541,"assignWrapped",333,0.0424957918956824
"colorspace",415,"base::assign",680,0.086778193660853
"colorspace",467,"methods::.assignOverBinding",6,0.00076568994406635
"colorspace",101,"base::sprintf",83,0.0105920442262512
"curl",292,"<anonymous>",2405,10.5579700601431
"curl",475,"<anonymous>",7,0.0307300583871109
"curl",505,"<anonymous>",1,0.00439000834101585
"curl",553,"<anonymous>",3,0.0131700250230475
"curl",159,"base::eval",131,0.575091092673076
"curl",266,"base::eval.parent",2,0.0087800166820317
"curl",164,"eval",131,0.575091092673076
"curl",88,"forceAndCall",6,0.0263400500460951
"curl",269,"<-",78,0.342420650599236
"curl",322,"[<-",16,0.0702401334562536
"curl",185,"attr<-",10,0.0439000834101585
"curl",34,"attributes<-",54,0.237060450414856
"curl",348,"base::body<-",3,0.0131700250230475
"curl",346,"body<-",3,0.0131700250230475
"curl",121,"class<-",17,0.0746301417972694
"curl",86,"dim<-",6,0.0263400500460951
"curl",87,"dimnames<-",6,0.0263400500460951
"curl",176,"levels<-",5,0.0219500417050792
"curl",30,"names<-",81,0.355590675622284
"curl",484,"oldClass<-",3,0.0131700250230475
"curl",295,"parent.env<-",21,0.0921901751613328
"curl",296,"parent.env<-",21,0.0921901751613328
"curl",177,"storage.mode<-",5,0.0219500417050792
"curl",327,"assign",36,0.158040300276571
"curl",412,"assignNativeRoutines",1,0.00439000834101585
"curl",306,"assignWrapped",6,0.0263400500460951
"curl",326,"base::assign",36,0.158040300276571
"curl",554,"base::print",1,0.00439000834101585
"curl",555,"base::print.default",1,0.00439000834101585
"curl",117,"base::sprintf",14,0.0614601167742219
"curl",556,"print.default",1,0.00439000834101585
"data",345,"<anonymous>",7443,7.37851180680849
"data",179,"base::eval",181,0.179431766361996
"data",320,"base::eval.parent",2,0.00198267145151377
"data",184,"eval",181,0.179431766361996
"data",412,"base::force",42,0.0416361004817892
"data",749,"data.table::gforce",4,0.00396534290302754
"data",114,"forceAndCall",6,0.00594801435454131
"data",323,"<-",78,0.077324186609037
"data",563,"[<-",16,0.0158613716121102
"data",233,"attr<-",57,0.0565061363681424
"data",39,"attributes<-",120,0.118960287090826
"data",537,"base::Encoding<-",4,0.00396534290302754
"data",438,"base::[<-.data.frame",1,0.000991335725756885
"data",396,"base::body<-",5,0.00495667862878442
"data",704,"base::colnames<-",1,0.000991335725756885
"data",726,"base::is.na<-",3,0.00297400717727065
"data",727,"base::is.na<-.default",3,0.00297400717727065
"data",672,"base::mostattributes<-",1,0.000991335725756885
"data",710,"base::row.names<-",1,0.000991335725756885
"data",711,"base::row.names<-.data.frame",1,0.000991335725756885
"data",703,"base::rownames<-",2,0.00198267145151377
"data",394,"body<-",5,0.00495667862878442
"data",145,"class<-",32,0.0317227432242203
"data",112,"dim<-",7,0.00693935008029819
"data",113,"dimnames<-",9,0.00892202153181196
"data",197,"levels<-",10,0.00991335725756885
"data",36,"names<-",134,0.132838987251423
"data",348,"parent.env<-",44,0.0436187719333029
"data",349,"parent.env<-",44,0.0436187719333029
"data",198,"storage.mode<-",7,0.00693935008029819
"data",404,"assign",123,0.121934294268097
"data",377,"assignNativeRoutines",1,0.000991335725756885
"data",362,"assignWrapped",50,0.0495667862878442
"data",403,"base::assign",123,0.121934294268097
"data",16,"base::sprintf",25,0.0247833931439221
"DBI",357,"<anonymous>",9469,6.94198032286917
"DBI",143,"base::eval",69,0.0505857685371182
"DBI",334,"base::eval.parent",5,0.00366563540124045
"DBI",148,"eval",69,0.0505857685371182
"DBI",66,"forceAndCall",15,0.0109969062037214
"DBI",444,"return",4,0.00293250832099236
"DBI",337,"<-",797,0.584302282957728
"DBI",508,"@<-",139,0.101904664154485
"DBI",407,"[<-",16,0.0117300332839694
"DBI",199,"attr<-",90,0.0659814372223281
"DBI",111,"attributes<-",189,0.138561018166889
"DBI",430,"base::body<-",25,0.0183281770062023
"DBI",359,"base::parent.env<-",1,0.00073312708024809
"DBI",428,"body<-",26,0.0190613040864503
"DBI",530,"body<-",1,0.00073312708024809
"DBI",104,"class<-",41,0.0300582102901717
"DBI",64,"dim<-",15,0.0109969062037214
"DBI",65,"dimnames<-",15,0.0109969062037214
"DBI",539,"environment<-",5,0.00366563540124045
"DBI",665,"length<-",16,0.0117300332839694
"DBI",161,"levels<-",14,0.0102637791234733
"DBI",643,"methods::.newDirectSuperclass<-",6,0.00439876248148854
"DBI",653,"methods::as<-",11,0.00806439788272899
"DBI",540,"methods::packageSlot<-",52,0.0381226081729007
"DBI",597,"methods::slot<-",109,0.0799108517470418
"DBI",77,"names<-",167,0.122432222401431
"DBI",359,"parent.env<-",271,0.198677438747232
"DBI",360,"parent.env<-",272,0.199410565827481
"DBI",162,"storage.mode<-",14,0.0102637791234733
"DBI",412,"assign",154,0.112901570358206
"DBI",387,"assignNativeRoutines",1,0.00073312708024809
"DBI",372,"assignWrapped",22,0.016128795765458
"DBI",411,"base::assign",154,0.112901570358206
"DBI",551,"methods::.assignOverBinding",7,0.00513188956173663
"DBI",619,"methods::assignClassDef",18,0.0131962874444656
"DBI",676,"methods::assignMethodsMetaData",8,0.00586501664198472
"DBI",100,"base::sprintf",42,0.0307913373704198
"digest",297,"<anonymous>",2553,2.93057532485422
"digest",518,"<anonymous>",96,0.110197897056798
"digest",144,"base::eval",1481,1.70003214105331
"digest",268,"base::eval.parent",1,0.00114789476100831
"digest",149,"eval",1481,1.70003214105331
"digest",68,"forceAndCall",13,0.014922631893108
"digest",271,"<-",4,0.00459157904403324
"digest",204,"attr<-",80,0.0918315808806649
"digest",112,"attributes<-",93,0.106754212773773
"digest",105,"class<-",55,0.0631342118554571
"digest",66,"dim<-",9,0.0103310528490748
"digest",67,"dimnames<-",11,0.0126268423710914
"digest",423,"environment<-",2,0.00229578952201662
"digest",161,"levels<-",4,0.00459157904403324
"digest",79,"names<-",40,0.0459157904403324
"digest",444,"oldClass<-",37,0.0424721061573075
"digest",300,"parent.env<-",8,0.00918315808806649
"digest",301,"parent.env<-",8,0.00918315808806649
"digest",162,"storage.mode<-",6,0.00688736856604986
"digest",338,"assign",4,0.00459157904403324
"digest",331,"assignNativeRoutines",1,0.00114789476100831
"digest",315,"assignWrapped",1,0.00114789476100831
"digest",337,"base::assign",4,0.00459157904403324
"digest",2,"base::sprintf",88,0.101014738968731
"dplyr",305,"<anonymous>",17669,1.5800538876265
"dplyr",795,"<anonymous>",6765,0.604961489036917
"dplyr",880,"<anonymous>",3,0.00026827560489442
"dplyr",1243,"<anonymous>",8,0.000715401613051787
"dplyr",173,"base::eval",3221,0.288038574454976
"dplyr",279,"base::eval.parent",12,0.00107310241957768
"dplyr",540,"base::evalq",7759,0.693850139458602
"dplyr",178,"eval",10980,0.981888713913578
"dplyr",1006,"glue::eval2",2,0.000178850403262947
"dplyr",1005,"glue::eval_args",1,8.94252016314734e-05
"dplyr",871,"plyr::revalue",4,0.000357700806525894
"dplyr",468,"rlang::eval_bare",1042,0.0931810600999953
"dplyr",497,"rlang::eval_tidy",39,0.00348758286362746
"dplyr",520,"rlang::f_self_eval",91,0.00813769334846408
"dplyr",521,"rlang::overscope_eval_next",71,0.00634918931583461
"dplyr",789,"base::force",209,0.0186898671409779
"dplyr",105,"forceAndCall",40,0.00357700806525893
"dplyr",282,"<-",131,0.011714701413723
"dplyr",678,"@<-",15,0.0013413780244721
"dplyr",335,"[<-",16,0.00143080322610357
"dplyr",199,"attr<-",108,0.00965792177619913
"dplyr",54,"attributes<-",1013,0.0905877292526825
"dplyr",945,"base::$<-.data.frame",1,8.94252016314734e-05
"dplyr",1228,"base::Encoding<-",8,0.000715401613051787
"dplyr",1114,"base::[<-.data.frame",4,0.000357700806525894
"dplyr",359,"base::body<-",4,0.000357700806525894
"dplyr",1149,"base::colnames<-",1,8.94252016314734e-05
"dplyr",969,"base::mostattributes<-",5,0.000447126008157367
"dplyr",308,"base::parent.env<-",1,8.94252016314734e-05
"dplyr",357,"body<-",5,0.000447126008157367
"dplyr",700,"body<-",1,8.94252016314734e-05
"dplyr",137,"class<-",229,0.0204783711736074
"dplyr",103,"dim<-",33,0.00295103165383862
"dplyr",104,"dimnames<-",31,0.00277218125057567
"dplyr",626,"environment<-",23,0.00205677963752389
"dplyr",190,"levels<-",40,0.00357700806525893
"dplyr",709,"methods::packageSlot<-",1,8.94252016314734e-05
"dplyr",50,"names<-",4273,0.382113886571286
"dplyr",1073,"oldClass<-",21,0.00187792923426094
"dplyr",308,"parent.env<-",253,0.0226245760127628
"dplyr",309,"parent.env<-",254,0.0227140012143942
"dplyr",1314,"rlang::f_rhs<-",2,0.000178850403262947
"dplyr",191,"storage.mode<-",31,0.00277218125057567
"dplyr",340,"assign",627,0.0560696014229338
"dplyr",620,"assignNativeRoutines",5,0.000447126008157367
"dplyr",319,"assignWrapped",123,0.0109992998006712
"dplyr",339,"base::assign",32,0.00286160645220715
"dplyr",1004,"glue::assign_args",1,8.94252016314734e-05
"dplyr",720,"methods::.assignOverBinding",1,8.94252016314734e-05
"dplyr",134,"base::sprintf",93,0.00831654375172702
"foreach",285,"<anonymous>",3104,0.314048934570778
"foreach",143,"base::eval",4522,0.457515876974568
"foreach",256,"base::eval.parent",4,0.000404702235271621
"foreach",148,"eval",4522,0.457515876974568
"foreach",617,"base::force",118,0.0119387159405128
"foreach",66,"forceAndCall",9815,0.99303810979774
"foreach",259,"<-",16,0.00161880894108648
"foreach",571,"<<-",1014,0.102592016641356
"foreach",191,"attr<-",69,0.00698111355843546
"foreach",111,"attributes<-",442,0.0447195969975141
"foreach",622,"base::Encoding<-",4,0.000404702235271621
"foreach",805,"base::[<-.data.frame",4,0.000404702235271621
"foreach",563,"base::body<-",3,0.000303526676453716
"foreach",104,"class<-",512,0.0518018861147675
"foreach",64,"dim<-",35,0.00354114455862668
"foreach",65,"dimnames<-",23,0.00232703785281182
"foreach",493,"length<-",2055,0.207915773370795
"foreach",161,"levels<-",37,0.00374349567626249
"foreach",77,"names<-",539,0.0545336262028509
"foreach",288,"parent.env<-",29,0.00293409120571925
"foreach",289,"parent.env<-",29,0.00293409120571925
"foreach",162,"storage.mode<-",22,0.00222586229399392
"foreach",472,"assign",3373,0.341265159892794
"foreach",598,"assignNativeRoutines",1,0.000101175558817905
"foreach",306,"assignWrapped",11,0.00111293114699696
"foreach",471,"base::assign",3373,0.341265159892794
"foreach",100,"base::sprintf",44,0.00445172458798783
"forecast",325,"<anonymous>",27901,2.5306868799926
"forecast",1071,"<anonymous>",9,0.000816321347619562
"forecast",1116,"<anonymous>",36232,3.28632834077244
"forecast",143,"base::eval",1038,0.0941490620921228
"forecast",299,"base::eval.parent",25,0.00226755929894323
"forecast",148,"eval",1038,0.0941490620921228
"forecast",632,"base::force",5,0.000453511859788645
"forecast",66,"forceAndCall",7620,0.691152074317895
"forecast",302,"<-",644,0.0584123275407775
"forecast",466,"@<-",160,0.0145123795132366
"forecast",204,"attr<-",5829,0.528704126141603
"forecast",111,"attributes<-",1182,0.107210203654036
"forecast",498,"base::body<-",9,0.000816321347619562
"forecast",754,"base::colnames<-",199,0.0180497720195881
"forecast",858,"base::mostattributes<-",18,0.00163264269523912
"forecast",328,"base::parent.env<-",9,0.000816321347619562
"forecast",1003,"base::rownames<-",4,0.000362809487830916
"forecast",863,"base::substr<-",2,0.000181404743915458
"forecast",488,"body<-",18,0.00163264269523912
"forecast",489,"body<-",9,0.000816321347619562
"forecast",104,"class<-",827,0.0750108616090419
"forecast",64,"dim<-",365,0.0331063657645711
"forecast",65,"dimnames<-",947,0.0858951462439694
"forecast",503,"environment<-",85,0.00770970161640697
"forecast",579,"length<-",2,0.000181404743915458
"forecast",161,"levels<-",41,0.00371879725026689
"forecast",587,"methods::as<-",3,0.000272107115873187
"forecast",504,"methods::packageSlot<-",12,0.00108842846349275
"forecast",924,"methods::slot<-",20,0.00181404743915458
"forecast",77,"names<-",2229,0.202175587093778
"forecast",841,"oldClass<-",175,0.0158729150926026
"forecast",328,"parent.env<-",447,0.0405439602651049
"forecast",329,"parent.env<-",456,0.0413602816127245
"forecast",860,"stats::[<-.ts",29,0.00263036878677414
"forecast",691,"stats::tsp<-",750,0.0680267789682968
"forecast",162,"storage.mode<-",268,0.0243082356846714
"forecast",864,"substr<-",2,0.000181404743915458
"forecast",392,"assign",272,0.0246710451725023
"forecast",357,"assignNativeRoutines",17,0.00154194032328139
"forecast",341,"assignWrapped",505,0.0458046978386532
"forecast",391,"base::assign",272,0.0246710451725023
"forecast",515,"methods::.assignOverBinding",11,0.00099772609153502
"forecast",1229,"base::print",5,0.000453511859788645
"forecast",1252,"base::print.data.frame",1,9.07023719577291e-05
"forecast",1232,"base::print.default",3,0.000272107115873187
"forecast",100,"base::sprintf",122,0.0110656893788429
"forecast",1230,"forecast::print.ARIMA",1,9.07023719577291e-05
"forecast",1243,"forecast::print.forecast",1,9.07023719577291e-05
"forecast",1233,"print.default",3,0.000272107115873187
"Formula",312,"<anonymous>",1301,3.16106616128484
"Formula",144,"base::eval",94,0.228393711883762
"Formula",286,"base::eval.parent",1,0.00242972033918896
"Formula",149,"eval",94,0.228393711883762
"Formula",390,"base::force",3,0.00728916101756688
"Formula",67,"forceAndCall",4,0.00971888135675584
"Formula",289,"<-",4,0.00971888135675584
"Formula",400,"[<-",1,0.00242972033918896
"Formula",194,"attr<-",83,0.201666788152684
"Formula",112,"attributes<-",75,0.182229025439172
"Formula",401,"base::$<-.data.frame",1,0.00242972033918896
"Formula",397,"base::[<-.factor",1,0.00242972033918896
"Formula",393,"base::[[<-.data.frame",3,0.00728916101756688
"Formula",385,"base::colnames<-",1,0.00242972033918896
"Formula",105,"class<-",85,0.206526228831062
"Formula",65,"dim<-",4,0.00971888135675584
"Formula",66,"dimnames<-",6,0.0145783220351338
"Formula",421,"environment<-",226,0.549116796656705
"Formula",162,"levels<-",7,0.0170080423743227
"Formula",78,"names<-",66,0.160361542386471
"Formula",454,"oldClass<-",10,0.0242972033918896
"Formula",315,"parent.env<-",5,0.0121486016959448
"Formula",316,"parent.env<-",5,0.0121486016959448
"Formula",163,"storage.mode<-",4,0.00971888135675584
"Formula",328,"assignWrapped",9,0.0218674830527006
"Formula",101,"base::sprintf",12,0.0291566440702675
"gdata",338,"<anonymous>",2166,8.32788650082664
"gdata",501,"<anonymous>",5,0.0192241147295167
"gdata",143,"base::eval",124,0.476758045292014
"gdata",282,"base::eval.parent",2,0.00768964589180668
"gdata",148,"eval",124,0.476758045292014
"gdata",430,"base::force",15,0.0576723441885501
"gdata",66,"forceAndCall",20,0.0768964589180668
"gdata",285,"<-",8,0.0307585835672267
"gdata",567,"[<-",2,0.00768964589180668
"gdata",191,"attr<-",15,0.0576723441885501
"gdata",111,"attributes<-",85,0.326809950401784
"gdata",435,"base::Encoding<-",10,0.0384482294590334
"gdata",597,"base::[<-.data.frame",3,0.01153446883771
"gdata",566,"base::[<-.factor",2,0.00768964589180668
"gdata",557,"base::is.na<-",6,0.02306893767542
"gdata",558,"base::is.na<-.default",6,0.02306893767542
"gdata",475,"base::levels<-.factor",8,0.0307585835672267
"gdata",104,"class<-",60,0.2306893767542
"gdata",64,"dim<-",13,0.0499826982967434
"gdata",65,"dimnames<-",13,0.0499826982967434
"gdata",457,"gdata::mapLevels<-",6,0.02306893767542
"gdata",458,"gdata::mapLevels<-.default",6,0.02306893767542
"gdata",161,"levels<-",24,0.0922757507016802
"gdata",77,"names<-",99,0.380637471644431
"gdata",523,"oldClass<-",1,0.00384482294590334
"gdata",341,"parent.env<-",19,0.0730516359721635
"gdata",342,"parent.env<-",19,0.0730516359721635
"gdata",162,"storage.mode<-",5,0.0192241147295167
"gdata",316,"assignNativeRoutines",1,0.00384482294590334
"gdata",354,"assignWrapped",14,0.0538275212426468
"gdata",100,"base::sprintf",21,0.0807412818639702
"ggplot2",312,"<anonymous>",14928,8.32362206919624
"ggplot2",595,"<anonymous>",70,0.0390309180629513
"ggplot2",143,"base::eval",1603,0.893808023641585
"ggplot2",286,"base::eval.parent",9,0.00501826089380802
"ggplot2",148,"eval",1603,0.893808023641585
"ggplot2",583,"plyr::revalue",73,0.0407036716942206
"ggplot2",551,"base::force",15,0.00836376815634671
"ggplot2",66,"forceAndCall",18,0.010036521787616
"ggplot2",289,"<-",119,0.0663525607070172
"ggplot2",435,"@<-",15,0.00836376815634671
"ggplot2",530,"[<-",16,0.00892135270010315
"ggplot2",191,"attr<-",56,0.031224734450361
"ggplot2",111,"attributes<-",793,0.442164543198863
"ggplot2",692,"base::$<-.data.frame",1,0.000557584543756447
"ggplot2",467,"base::body<-",4,0.00223033817502579
"ggplot2",315,"base::parent.env<-",1,0.000557584543756447
"ggplot2",457,"body<-",5,0.00278792271878224
"ggplot2",458,"body<-",1,0.000557584543756447
"ggplot2",104,"class<-",1068,0.595500292731885
"ggplot2",64,"dim<-",18,0.010036521787616
"ggplot2",65,"dimnames<-",18,0.010036521787616
"ggplot2",355,"environment<-",3,0.00167275363126934
"ggplot2",161,"levels<-",24,0.0133820290501547
"ggplot2",472,"methods::packageSlot<-",1,0.000557584543756447
"ggplot2",77,"names<-",940,0.52412947113106
"ggplot2",315,"parent.env<-",240,0.133820290501547
"ggplot2",316,"parent.env<-",241,0.134377875045304
"ggplot2",162,"storage.mode<-",22,0.0122668599626418
"ggplot2",433,"assign",32,0.0178427054002063
"ggplot2",344,"assignNativeRoutines",5,0.00278792271878224
"ggplot2",329,"assignWrapped",123,0.068582898882043
"ggplot2",432,"base::assign",32,0.0178427054002063
"ggplot2",483,"methods::.assignOverBinding",1,0.000557584543756447
"ggplot2",100,"base::sprintf",65,0.0362429953441691
"gridExtra",311,"<anonymous>",24886,0.872869255156947
"gridExtra",670,"<anonymous>",24,0.000841793061310244
"gridExtra",815,"<anonymous>",12,0.000420896530655122
"gridExtra",955,"<anonymous>",12,0.000420896530655122
"gridExtra",1022,"<anonymous>",12,0.000420896530655122
"gridExtra",1054,"<anonymous>",12,0.000420896530655122
"gridExtra",1350,"<anonymous>",2,7.01494217758537e-05
"gridExtra",1512,"<anonymous>",18,0.000631344795982683
"gridExtra",143,"base::eval",7118,0.249661792100263
"gridExtra",285,"base::eval.parent",37,0.00129776430285329
"gridExtra",148,"eval",7178,0.251766274753539
"gridExtra",842,"ggplot2::[.uneval",48,0.00168358612262049
"gridExtra",1339,"lattice::evaluate.legend",1,3.50747108879268e-05
"gridExtra",1040,"plyr::eval.quoted",12,0.000420896530655122
"gridExtra",645,"plyr::revalue",35,0.00122761488107744
"gridExtra",434,"base::force",3470,0.121709246781106
"gridExtra",66,"forceAndCall",791,0.0277440963123501
"gridExtra",288,"<-",131,0.00459478712631841
"gridExtra",542,"@<-",15,0.000526120663318902
"gridExtra",344,"[<-",16,0.000561195374206829
"gridExtra",191,"attr<-",10666,0.374106866330628
"gridExtra",111,"attributes<-",18424,0.646216473399164
"gridExtra",882,"base::$<-.data.frame",772,0.0270776768054795
"gridExtra",441,"base::Encoding<-",4,0.000140298843551707
"gridExtra",927,"base::[<-.data.frame",134,0.00470001125898219
"gridExtra",370,"base::body<-",4,0.000140298843551707
"gridExtra",1564,"base::colnames<-",20,0.000701494217758537
"gridExtra",1568,"base::is.na<-",13,0.000455971241543049
"gridExtra",1569,"base::is.na<-.default",13,0.000455971241543049
"gridExtra",747,"base::mostattributes<-",25,0.000876867772198171
"gridExtra",314,"base::parent.env<-",1,3.50747108879268e-05
"gridExtra",1567,"base::rownames<-",19,0.00066641950687061
"gridExtra",368,"body<-",5,0.000175373554439634
"gridExtra",564,"body<-",1,3.50747108879268e-05
"gridExtra",104,"class<-",25369,0.889810340515816
"gridExtra",64,"dim<-",165,0.00578732729650793
"gridExtra",65,"dimnames<-",93,0.0032619481125772
"gridExtra",428,"environment<-",3,0.00010522413266378
"gridExtra",1566,"gtable::dimnames<-.gtable",38,0.00133283901374122
"gridExtra",1136,"length<-",3311,0.116132367749926
"gridExtra",161,"levels<-",47,0.00164851141173256
"gridExtra",573,"methods::packageSlot<-",1,3.50747108879268e-05
"gridExtra",77,"names<-",20037,0.70279198206139
"gridExtra",1230,"oldClass<-",211,0.00740076399735256
"gridExtra",314,"parent.env<-",276,0.0096806202050678
"gridExtra",315,"parent.env<-",277,0.00971569491595573
"gridExtra",162,"storage.mode<-",80,0.00280597687103415
"gridExtra",349,"assign",58,0.00203433323149976
"gridExtra",422,"assignNativeRoutines",6,0.000210448265327561
"gridExtra",328,"assignWrapped",144,0.00505075836786146
"gridExtra",348,"base::assign",58,0.00203433323149976
"gridExtra",584,"methods::.assignOverBinding",1,3.50747108879268e-05
"gridExtra",1616,"base::print",5,0.000175373554439634
"gridExtra",1645,"base::print.default",4,0.000140298843551707
"gridExtra",100,"base::sprintf",109,0.00382314348678402
"gridExtra",1646,"print.default",4,0.000140298843551707
"gridExtra",1641,"utils::print.sessionInfo",1,3.50747108879268e-05
"highr",362,"<anonymous>",309,1.83491686460808
"highr",143,"base::eval",52,0.308788598574822
"highr",284,"base::eval.parent",1,0.00593824228028504
"highr",148,"eval",52,0.308788598574822
"highr",407,"base::force",14,0.0831353919239905
"highr",66,"forceAndCall",4,0.0237529691211401
"highr",287,"<-",4,0.0237529691211401
"highr",191,"attr<-",130,0.771971496437055
"highr",111,"attributes<-",57,0.338479809976247
"highr",431,"base::$<-.data.frame",3,0.0178147268408551
"highr",355,"base::[<-.data.frame",12,0.0712589073634204
"highr",387,"base::colnames<-",4,0.0237529691211401
"highr",436,"base::mostattributes<-",2,0.0118764845605701
"highr",417,"base::row.names<-",4,0.0237529691211401
"highr",418,"base::row.names<-.data.frame",4,0.0237529691211401
"highr",416,"base::rownames<-",6,0.0356294536817102
"highr",104,"class<-",44,0.261282660332542
"highr",64,"dim<-",7,0.0415676959619952
"highr",65,"dimnames<-",13,0.0771971496437055
"highr",161,"levels<-",6,0.0356294536817102
"highr",77,"names<-",76,0.451306413301663
"highr",369,"oldClass<-",78,0.463182897862233
"highr",371,"parent.env<-",3,0.0178147268408551
"highr",372,"parent.env<-",3,0.0178147268408551
"highr",162,"storage.mode<-",6,0.0356294536817102
"highr",100,"base::sprintf",11,0.0653206650831354
"htmlwidgets",266,"<anonymous>",4293,12.8582981399946
"htmlwidgets",159,"base::eval",95,0.284541887561027
"htmlwidgets",238,"base::eval.parent",4,0.0119807110552011
"htmlwidgets",164,"eval",95,0.284541887561027
"htmlwidgets",428,"base::force",4,0.0119807110552011
"htmlwidgets",88,"forceAndCall",7,0.020966244346602
"htmlwidgets",444,"return",2,0.00599035552760056
"htmlwidgets",241,"<-",118,0.353430976128433
"htmlwidgets",185,"attr<-",47,0.140773354898613
"htmlwidgets",34,"attributes<-",87,0.260580465450625
"htmlwidgets",121,"class<-",34,0.10183604396921
"htmlwidgets",86,"dim<-",7,0.020966244346602
"htmlwidgets",87,"dimnames<-",7,0.020966244346602
"htmlwidgets",176,"levels<-",5,0.0149758888190014
"htmlwidgets",30,"names<-",101,0.302512954143828
"htmlwidgets",369,"oldClass<-",8,0.0239614221104023
"htmlwidgets",269,"parent.env<-",44,0.131787821607212
"htmlwidgets",270,"parent.env<-",44,0.131787821607212
"htmlwidgets",177,"storage.mode<-",5,0.0149758888190014
"htmlwidgets",307,"assign",29,0.0868601551502082
"htmlwidgets",300,"assignNativeRoutines",3,0.00898553329140084
"htmlwidgets",283,"assignWrapped",17,0.0509180219846048
"htmlwidgets",306,"base::assign",29,0.0868601551502082
"htmlwidgets",117,"base::sprintf",15,0.0449276664570042
"iterators",286,"<anonymous>",669,8.53642975628429
"iterators",143,"base::eval",14,0.178639785632257
"iterators",257,"base::eval.parent",1,0.0127599846880184
"iterators",148,"eval",14,0.178639785632257
"iterators",66,"forceAndCall",4,0.0510399387520735
"iterators",260,"<-",4,0.0510399387520735
"iterators",193,"attr<-",6,0.0765599081281102
"iterators",111,"attributes<-",30,0.382799540640551
"iterators",386,"base::body<-",2,0.0255199693760368
"iterators",104,"class<-",31,0.39555952532857
"iterators",64,"dim<-",4,0.0510399387520735
"iterators",65,"dimnames<-",4,0.0510399387520735
"iterators",409,"length<-",7,0.0893198928161286
"iterators",161,"levels<-",4,0.0510399387520735
"iterators",77,"names<-",33,0.421079494704606
"iterators",289,"parent.env<-",9,0.114839862192165
"iterators",290,"parent.env<-",9,0.114839862192165
"iterators",162,"storage.mode<-",4,0.0510399387520735
"iterators",307,"assignWrapped",1,0.0127599846880184
"iterators",430,"base::print",6,0.0765599081281102
"iterators",432,"base::print.default",6,0.0765599081281102
"iterators",100,"base::sprintf",12,0.15311981625622
"iterators",433,"print.default",6,0.0765599081281102
"jsonlite",311,"<anonymous>",5176,14.0438463208161
"jsonlite",143,"base::eval",72,0.195354894725418
"jsonlite",285,"base::eval.parent",2,0.00542652485348383
"jsonlite",148,"eval",72,0.195354894725418
"jsonlite",490,"base::force",3,0.00813978728022574
"jsonlite",66,"forceAndCall",9,0.0244193618406772
"jsonlite",288,"<-",159,0.431408725851964
"jsonlite",574,"@<-",1,0.00271326242674191
"jsonlite",344,"[<-",18,0.0488387236813545
"jsonlite",502,"[[<-",1,0.00271326242674191
"jsonlite",191,"attr<-",27,0.0732580855220317
"jsonlite",111,"attributes<-",87,0.236053831126547
"jsonlite",559,"base::$<-.data.frame",1,0.00271326242674191
"jsonlite",537,"base::[<-.data.frame",1,0.00271326242674191
"jsonlite",503,"base::[[<-.data.frame",1,0.00271326242674191
"jsonlite",370,"base::body<-",3,0.00813978728022574
"jsonlite",540,"base::row.names<-",2,0.00542652485348383
"jsonlite",541,"base::row.names<-.data.frame",2,0.00542652485348383
"jsonlite",368,"body<-",3,0.00813978728022574
"jsonlite",104,"class<-",30,0.0813978728022574
"jsonlite",64,"dim<-",10,0.0271326242674191
"jsonlite",65,"dimnames<-",9,0.0244193618406772
"jsonlite",161,"levels<-",7,0.0189928369871934
"jsonlite",77,"names<-",89,0.24148035598003
"jsonlite",314,"parent.env<-",55,0.149229433470805
"jsonlite",315,"parent.env<-",55,0.149229433470805
"jsonlite",162,"storage.mode<-",7,0.0189928369871934
"jsonlite",349,"assign",30,0.0813978728022574
"jsonlite",432,"assignNativeRoutines",1,0.00271326242674191
"jsonlite",328,"assignWrapped",5,0.0135663121337096
"jsonlite",348,"base::assign",30,0.0813978728022574
"jsonlite",100,"base::sprintf",21,0.0569785109615802
"knitr",311,"<anonymous>",4486,13.4247067273163
"knitr",143,"base::eval",52,0.15561407708882
"knitr",285,"base::eval.parent",2,0.00598515681110845
"knitr",148,"eval",52,0.15561407708882
"knitr",708,"evaluate::normal_print",2,0.00598515681110845
"knitr",647,"base::force",11,0.0329183624610965
"knitr",66,"forceAndCall",5,0.0149628920277711
"knitr",734,"$<-",2,0.00598515681110845
"knitr",288,"<-",78,0.23342111563323
"knitr",344,"[<-",17,0.0508738328944218
"knitr",191,"attr<-",77,0.230428537227675
"knitr",111,"attributes<-",76,0.227435958822121
"knitr",673,"base::$<-.data.frame",2,0.00598515681110845
"knitr",698,"base::[<-.factor",1,0.00299257840555423
"knitr",370,"base::body<-",3,0.00897773521666268
"knitr",427,"base::mostattributes<-",6,0.0179554704333254
"knitr",368,"body<-",3,0.00897773521666268
"knitr",104,"class<-",93,0.278309791716543
"knitr",64,"dim<-",7,0.0209480488388796
"knitr",65,"dimnames<-",8,0.0239406272444338
"knitr",506,"environment<-",1,0.00299257840555423
"knitr",490,"length<-",2,0.00598515681110845
"knitr",161,"levels<-",9,0.026933205649988
"knitr",77,"names<-",92,0.275317213310989
"knitr",528,"oldClass<-",33,0.0987550873832894
"knitr",314,"parent.env<-",26,0.0778070385444099
"knitr",315,"parent.env<-",26,0.0778070385444099
"knitr",162,"storage.mode<-",7,0.0209480488388796
"knitr",349,"assign",17,0.0508738328944218
"knitr",328,"assignWrapped",2,0.00598515681110845
"knitr",348,"base::assign",17,0.0508738328944218
"knitr",710,"base::print",3,0.00897773521666268
"knitr",713,"base::print.data.frame",1,0.00299257840555423
"knitr",711,"base::print.default",2,0.00598515681110845
"knitr",100,"base::sprintf",17,0.0508738328944218
"knitr",708,"evaluate::normal_print",2,0.00598515681110845
"knitr",702,"knitr::knit_print",2,0.00598515681110845
"knitr",707,"knitr::knit_print.default",2,0.00598515681110845
"knitr",712,"print.default",2,0.00598515681110845
"lazyeval",292,"<anonymous>",2057,8.93764935911362
"lazyeval",159,"base::eval",53,0.230284597001955
"lazyeval",266,"base::eval.parent",2,0.00868998479252661
"lazyeval",164,"eval",53,0.230284597001955
"lazyeval",600,"lazyeval::$.complain",3,0.0130349771887899
"lazyeval",466,"lazyeval::FUN",2,0.00868998479252661
"lazyeval",603,"lazyeval::[[.complain",2,0.00868998479252661
"lazyeval",465,"lazyeval::all_values",1,0.00434499239626331
"lazyeval",445,"lazyeval::as.lazy",15,0.0651748859439496
"lazyeval",459,"lazyeval::as.lazy.call",1,0.00434499239626331
"lazyeval",460,"lazyeval::as.lazy.character",1,0.00434499239626331
"lazyeval",449,"lazyeval::as.lazy.formula",4,0.0173799695850532
"lazyeval",446,"lazyeval::as.lazy.lazy",9,0.0391049315663698
"lazyeval",572,"lazyeval::call_new",12,0.0521399087551597
"lazyeval",595,"lazyeval::clone_env",10,0.0434499239626331
"lazyeval",594,"lazyeval::complain",20,0.0868998479252661
"lazyeval",591,"lazyeval::eval_expr",10,0.0434499239626331
"lazyeval",569,"lazyeval::expr_find",5,0.0217249619813165
"lazyeval",570,"lazyeval::expr_label",3,0.0130349771887899
"lazyeval",571,"lazyeval::expr_label_",3,0.0130349771887899
"lazyeval",567,"lazyeval::expr_text",2,0.00868998479252661
"lazyeval",568,"lazyeval::expr_text_",2,0.00868998479252661
"lazyeval",576,"lazyeval::f_env",32,0.139039756680426
"lazyeval",577,"lazyeval::f_eval",10,0.0434499239626331
"lazyeval",580,"lazyeval::f_interp",10,0.0434499239626331
"lazyeval",575,"lazyeval::f_lhs",13,0.056484901151423
"lazyeval",582,"lazyeval::f_new",11,0.0477949163588964
"lazyeval",574,"lazyeval::f_rhs",23,0.099934825114056
"lazyeval",581,"lazyeval::f_rhs<-",10,0.0434499239626331
"lazyeval",598,"lazyeval::f_unwrap",1,0.00434499239626331
"lazyeval",592,"lazyeval::find_data",10,0.0434499239626331
"lazyeval",593,"lazyeval::find_data.NULL",3,0.0130349771887899
"lazyeval",546,"lazyeval::find_data.data.frame",4,0.0173799695850532
"lazyeval",546,"lazyeval::find_data.list",3,0.0130349771887899
"lazyeval",601,"lazyeval::has_name",5,0.0217249619813165
"lazyeval",604,"lazyeval::has_name.default",2,0.00868998479252661
"lazyeval",602,"lazyeval::has_name.environment",3,0.0130349771887899
"lazyeval",463,"lazyeval::interp",1,0.00434499239626331
"lazyeval",464,"lazyeval::interp.formula",1,0.00434499239626331
"lazyeval",444,"lazyeval::is.lazy_dots",15,0.0651748859439496
"lazyeval",587,"lazyeval::is_atomic",13,0.056484901151423
"lazyeval",584,"lazyeval::is_call",22,0.0955898327177927
"lazyeval",578,"lazyeval::is_formula",21,0.0912448403215294
"lazyeval",583,"lazyeval::is_lang",22,0.0955898327177927
"lazyeval",588,"lazyeval::is_name",13,0.056484901151423
"lazyeval",585,"lazyeval::is_pairlist",13,0.056484901151423
"lazyeval",442,"lazyeval::lazy",14,0.0608298935476863
"lazyeval",450,"lazyeval::lazy_",6,0.0260699543775798
"lazyeval",443,"lazyeval::lazy_eval",15,0.0651748859439496
"lazyeval",467,"lazyeval::substitute_",2,0.00868998479252661
"lazyeval",546,"base::force",5,0.0217249619813165
"lazyeval",88,"forceAndCall",6,0.0260699543775798
"lazyeval",269,"<-",78,0.338909406908538
"lazyeval",322,"[<-",16,0.0695198783402129
"lazyeval",185,"attr<-",36,0.156419726265479
"lazyeval",34,"attributes<-",100,0.434499239626331
"lazyeval",348,"base::body<-",3,0.0130349771887899
"lazyeval",373,"base::row.names<-",1,0.00434499239626331
"lazyeval",374,"base::row.names<-.data.frame",1,0.00434499239626331
"lazyeval",371,"base::rownames<-",1,0.00434499239626331
"lazyeval",346,"body<-",3,0.0130349771887899
"lazyeval",121,"class<-",54,0.234629589398219
"lazyeval",86,"dim<-",6,0.0260699543775798
"lazyeval",87,"dimnames<-",6,0.0260699543775798
"lazyeval",581,"lazyeval::f_rhs<-",10,0.0434499239626331
"lazyeval",176,"levels<-",5,0.0217249619813165
"lazyeval",30,"names<-",105,0.456224201607647
"lazyeval",457,"oldClass<-",20,0.0868998479252661
"lazyeval",295,"parent.env<-",31,0.134694764284162
"lazyeval",296,"parent.env<-",31,0.134694764284162
"lazyeval",177,"storage.mode<-",5,0.0217249619813165
"lazyeval",327,"assign",26,0.112969802302846
"lazyeval",419,"assignNativeRoutines",1,0.00434499239626331
"lazyeval",306,"assignWrapped",9,0.0391049315663698
"lazyeval",326,"base::assign",26,0.112969802302846
"lazyeval",117,"base::sprintf",15,0.0651748859439496
"lubridate",323,"<anonymous>",13153,5.11495325649043
"lubridate",634,"<anonymous>",43,0.0167218877844665
"lubridate",143,"base::eval",79,0.0307216077900664
"lubridate",297,"base::eval.parent",1,0.000388881111266664
"lubridate",148,"eval",79,0.0307216077900664
"lubridate",553,"base::force",121,0.0470546144632663
"lubridate",66,"forceAndCall",5,0.00194440555633332
"lubridate",675,"lubridate::force_tz",20,0.00777762222533327
"lubridate",300,"<-",1325,0.515267472428329
"lubridate",442,"@<-",180,0.0699986000279994
"lubridate",836,"[<-",9,0.00349993000139997
"lubridate",206,"attr<-",312,0.121330906715199
"lubridate",111,"attributes<-",848,0.329771182354131
"lubridate",728,"base::$<-.data.frame",30,0.0116664333379999
"lubridate",560,"base::Encoding<-",12,0.00466657333519996
"lubridate",997,"base::[<-.Date",1,0.000388881111266664
"lubridate",664,"base::[<-.POSIXct",31,0.0120553144492666
"lubridate",474,"base::body<-",17,0.00661097889153328
"lubridate",628,"base::colnames<-",1,0.000388881111266664
"lubridate",326,"base::parent.env<-",4,0.00155552444506665
"lubridate",464,"body<-",12,0.00466657333519996
"lubridate",465,"body<-",4,0.00155552444506665
"lubridate",104,"class<-",180,0.0699986000279994
"lubridate",990,"day<-",1,0.000388881111266664
"lubridate",64,"dim<-",20,0.00777762222533327
"lubridate",65,"dimnames<-",21,0.00816650333659993
"lubridate",479,"environment<-",8,0.00311104889013331
"lubridate",494,"length<-",5,0.00194440555633332
"lubridate",161,"levels<-",5,0.00194440555633332
"lubridate",837,"lubridate::[<-",9,0.00349993000139997
"lubridate",991,"lubridate::day<-",1,0.000388881111266664
"lubridate",766,"lubridate::month<-",12,0.00466657333519996
"lubridate",692,"lubridate::second<-",2,0.000777762222533327
"lubridate",768,"lubridate::year<-",12,0.00466657333519996
"lubridate",502,"methods::as<-",47,0.0182774122295332
"lubridate",480,"methods::packageSlot<-",13,0.00505545444646663
"lubridate",742,"methods::slot<-",246,0.0956647533715992
"lubridate",765,"month<-",12,0.00466657333519996
"lubridate",77,"names<-",766,0.297882931230264
"lubridate",326,"parent.env<-",235,0.0913870611476659
"lubridate",327,"parent.env<-",239,0.0929425855927326
"lubridate",690,"second<-",2,0.000777762222533327
"lubridate",162,"storage.mode<-",4,0.00155552444506665
"lubridate",643,"stringi::stri_sub<-",408,0.158663493396799
"lubridate",642,"stringr::str_sub<-",408,0.158663493396799
"lubridate",767,"year<-",12,0.00466657333519996
"lubridate",362,"assign",590,0.229439855647331
"lubridate",355,"assignNativeRoutines",1,0.000388881111266664
"lubridate",340,"assignWrapped",26,0.0101109088929333
"lubridate",361,"base::assign",590,0.229439855647331
"lubridate",491,"methods::.assignOverBinding",4,0.00155552444506665
"lubridate",100,"base::sprintf",30,0.0116664333379999
"magrittr",351,"<anonymous>",2490,8.0986144539127
"magrittr",143,"base::eval",138,0.448838873349379
"magrittr",328,"base::eval.parent",1,0.00325245560398101
"magrittr",148,"eval",138,0.448838873349379
"magrittr",255,"base::force",24,0.0780589344955441
"magrittr",66,"forceAndCall",4,0.013009822415924
"magrittr",455,"$<-",2,0.00650491120796201
"magrittr",331,"<-",74,0.240681714694594
"magrittr",378,"[<-",16,0.0520392896636961
"magrittr",199,"attr<-",72,0.234176803486632
"magrittr",111,"attributes<-",53,0.172380147010993
"magrittr",521,"base::[[<-.data.frame",20,0.0650491120796201
"magrittr",402,"base::body<-",3,0.00975736681194302
"magrittr",509,"base::levels<-.factor",2,0.00650491120796201
"magrittr",526,"base::row.names<-",2,0.00650491120796201
"magrittr",527,"base::row.names<-.data.frame",2,0.00650491120796201
"magrittr",400,"body<-",3,0.00975736681194302
"magrittr",104,"class<-",142,0.461848695765303
"magrittr",64,"dim<-",5,0.016262278019905
"magrittr",65,"dimnames<-",5,0.016262278019905
"magrittr",460,"environment<-",6,0.019514733623886
"magrittr",161,"levels<-",28,0.0910687569114682
"magrittr",77,"names<-",121,0.393547128081702
"magrittr",449,"oldClass<-",40,0.13009822415924
"magrittr",353,"parent.env<-",24,0.0780589344955441
"magrittr",354,"parent.env<-",24,0.0780589344955441
"magrittr",162,"storage.mode<-",24,0.0780589344955441
"magrittr",383,"assign",17,0.0552917452676771
"magrittr",364,"assignWrapped",2,0.00650491120796201
"magrittr",382,"base::assign",17,0.0552917452676771
"magrittr",543,"base::print",2,0.00650491120796201
"magrittr",544,"base::print.data.frame",1,0.00325245560398101
"magrittr",563,"base::print.default",1,0.00325245560398101
"magrittr",100,"base::sprintf",13,0.0422819228517531
"magrittr",564,"print.default",1,0.00325245560398101
"markdown",311,"<anonymous>",1663,8.75171034627934
"markdown",143,"base::eval",26,0.136827702347121
"markdown",285,"base::eval.parent",2,0.0105252078728555
"markdown",148,"eval",26,0.136827702347121
"markdown",66,"forceAndCall",14,0.0736764551099884
"markdown",288,"<-",78,0.410483107041364
"markdown",344,"[<-",16,0.0842016629828439
"markdown",191,"attr<-",12,0.0631512472371329
"markdown",111,"attributes<-",51,0.268392800757815
"markdown",458,"base::Encoding<-",72,0.378907483422798
"markdown",370,"base::body<-",3,0.0157878118092832
"markdown",368,"body<-",3,0.0157878118092832
"markdown",104,"class<-",20,0.105252078728555
"markdown",64,"dim<-",14,0.0736764551099884
"markdown",65,"dimnames<-",14,0.0736764551099884
"markdown",161,"levels<-",8,0.042100831491422
"markdown",77,"names<-",68,0.357857067677087
"markdown",314,"parent.env<-",18,0.0947268708556994
"markdown",315,"parent.env<-",18,0.0947268708556994
"markdown",162,"storage.mode<-",8,0.042100831491422
"markdown",349,"assign",8,0.042100831491422
"markdown",433,"assignNativeRoutines",1,0.00526260393642774
"markdown",328,"assignWrapped",2,0.0105252078728555
"markdown",348,"base::assign",8,0.042100831491422
"markdown",100,"base::sprintf",22,0.11577728660141
"mvtnorm",378,"<anonymous>",3960,4.16758753512455
"mvtnorm",476,"<anonymous>",10,0.0105242109472842
"mvtnorm",145,"base::eval",492,0.517791178606384
"mvtnorm",295,"base::eval.parent",1,0.00105242109472842
"mvtnorm",150,"eval",492,0.517791178606384
"mvtnorm",607,"base::force",45,0.047358949262779
"mvtnorm",68,"forceAndCall",5,0.00526210547364211
"mvtnorm",298,"<-",134,0.141024426693609
"mvtnorm",206,"attr<-",890,0.936654774308296
"mvtnorm",113,"attributes<-",358,0.376766751912775
"mvtnorm",391,"base::colnames<-",79,0.0831412664835454
"mvtnorm",473,"base::mostattributes<-",230,0.242056851787537
"mvtnorm",393,"base::rownames<-",63,0.0663025289678906
"mvtnorm",106,"class<-",102,0.107346951662299
"mvtnorm",66,"dim<-",5,0.00526210547364211
"mvtnorm",67,"dimnames<-",153,0.161020427493449
"mvtnorm",507,"environment<-",80,0.0841936875782738
"mvtnorm",163,"levels<-",4,0.00420968437891369
"mvtnorm",79,"names<-",346,0.364137698776034
"mvtnorm",533,"oldClass<-",32,0.0336774750313095
"mvtnorm",380,"parent.env<-",8,0.00841936875782738
"mvtnorm",381,"parent.env<-",8,0.00841936875782738
"mvtnorm",164,"storage.mode<-",96,0.101032425093929
"mvtnorm",489,"assign",32,0.0336774750313095
"mvtnorm",329,"assignNativeRoutines",1,0.00105242109472842
"mvtnorm",488,"base::assign",32,0.0336774750313095
"mvtnorm",102,"base::sprintf",11,0.0115766320420127
"nloptr",372,"<anonymous>",1317,4.62105263157895
"nloptr",415,"<anonymous>",81,0.284210526315789
"nloptr",430,"<anonymous>",106,0.371929824561403
"nloptr",437,"<anonymous>",25,0.087719298245614
"nloptr",493,"<anonymous>",50,0.175438596491228
"nloptr",144,"base::eval",102,0.357894736842105
"nloptr",267,"base::eval.parent",1,0.00350877192982456
"nloptr",149,"eval",102,0.357894736842105
"nloptr",379,"eval_f",58,0.203508771929825
"nloptr",429,"eval_f",58,0.203508771929825
"nloptr",431,"eval_f",83,0.291228070175439
"nloptr",415,"eval_f_wrapper",4,0.0140350877192982
"nloptr",432,"eval_g_ineq",85,0.298245614035088
"nloptr",437,"eval_g_ineq_wrapper",5,0.0175438596491228
"nloptr",493,"eval_g_ineq_wrapper",1,0.00350877192982456
"nloptr",416,"eval_grad_f",57,0.2
"nloptr",460,"eval_grad_f",30,0.105263157894737
"nloptr",438,"eval_jac_g_ineq",31,0.108771929824561
"nloptr",67,"forceAndCall",5,0.0175438596491228
"nloptr",270,"<-",4,0.0140350877192982
"nloptr",204,"attr<-",208,0.729824561403509
"nloptr",112,"attributes<-",37,0.129824561403509
"nloptr",464,"base::mostattributes<-",3,0.0105263157894737
"nloptr",105,"class<-",18,0.0631578947368421
"nloptr",65,"dim<-",5,0.0175438596491228
"nloptr",66,"dimnames<-",5,0.0175438596491228
"nloptr",162,"levels<-",3,0.0105263157894737
"nloptr",78,"names<-",57,0.2
"nloptr",402,"oldClass<-",171,0.6
"nloptr",374,"parent.env<-",9,0.0315789473684211
"nloptr",375,"parent.env<-",9,0.0315789473684211
"nloptr",163,"storage.mode<-",3,0.0105263157894737
"nloptr",323,"assign",1,0.00350877192982456
"nloptr",315,"assignNativeRoutines",1,0.00350877192982456
"nloptr",297,"assignWrapped",1,0.00350877192982456
"nloptr",322,"base::assign",1,0.00350877192982456
"nloptr",417,"base::print",4,0.0140350877192982
"nloptr",101,"base::sprintf",9,0.0315789473684211
"nloptr",496,"nloptr::nloptr.print.options",1,0.00350877192982456
"nloptr",418,"nloptr::print.nloptr",4,0.0140350877192982
"quantreg",358,"<anonymous>",119831,11.8195295308229
"quantreg",144,"base::eval",948,0.0935059708691419
"quantreg",319,"base::eval.parent",27,0.00266314473994392
"quantreg",149,"eval",948,0.0935059708691419
"quantreg",570,"base::force",4,0.000394539961473173
"quantreg",67,"forceAndCall",32,0.00315631969178538
"quantreg",322,"<-",715,0.0705240181133296
"quantreg",409,"@<-",1131,0.11155617410654
"quantreg",236,"attr<-",769,0.0758503075932175
"quantreg",112,"attributes<-",697,0.0687485882867004
"quantreg",574,"base::Encoding<-",4,0.000394539961473173
"quantreg",475,"base::body<-",40,0.00394539961473173
"quantreg",740,"base::colnames<-",333,0.0328454517926416
"quantreg",823,"base::mostattributes<-",9,0.000887714913314639
"quantreg",361,"base::parent.env<-",40,0.00394539961473173
"quantreg",954,"base::rownames<-",1,9.86349903682932e-05
"quantreg",462,"body<-",80,0.00789079922946346
"quantreg",463,"body<-",40,0.00394539961473173
"quantreg",105,"class<-",699,0.0689458582674369
"quantreg",65,"dim<-",31,0.00305768470141709
"quantreg",66,"dimnames<-",490,0.0483311452804637
"quantreg",480,"environment<-",124,0.0122307388056684
"quantreg",512,"length<-",17,0.00167679483626098
"quantreg",162,"levels<-",15,0.0014795248555244
"quantreg",521,"methods::as<-",16,0.00157815984589269
"quantreg",481,"methods::packageSlot<-",41,0.00404403460510002
"quantreg",927,"methods::slot<-",10,0.000986349903682932
"quantreg",78,"names<-",878,0.0866015215433614
"quantreg",710,"oldClass<-",50,0.00493174951841466
"quantreg",361,"parent.env<-",852,0.0840370117937858
"quantreg",362,"parent.env<-",892,0.0879824114085175
"quantreg",163,"storage.mode<-",246,0.0242642076306001
"quantreg",440,"assign",1029,0.101495405088974
"quantreg",375,"assignNativeRoutines",5,0.000493174951841466
"quantreg",347,"assignWrapped",158,0.0155843284781903
"quantreg",439,"base::assign",1029,0.101495405088974
"quantreg",496,"methods::.assignOverBinding",62,0.00611536940283418
"quantreg",101,"base::sprintf",49,0.00483311452804637
"R6",292,"<anonymous>",118301,8.36259273527988
"R6",469,"<anonymous>",2,0.000141378225632579
"R6",767,"<anonymous>",5,0.000353445564081448
"R6",769,"<anonymous>",6,0.000424134676897738
"R6",778,"<anonymous>",1,7.06891128162896e-05
"R6",923,"<anonymous>",611,0.0431910479307529
"R6",931,"<anonymous>",10,0.000706891128162896
"R6",979,"<anonymous>",21,0.00148447136914208
"R6",159,"base::eval",4036,0.285301259326545
"R6",266,"base::eval.parent",133,0.00940165200456652
"R6",908,"codetools::evalseq",4,0.000282756451265158
"R6",164,"eval",4036,0.285301259326545
"R6",746,"evalVis",2,0.000141378225632579
"R6",969,"plyr::revalue",35,0.00247411894857014
"R6",851,"base::force",82,0.00579650725093575
"R6",88,"forceAndCall",964,0.0681443047549032
"R6",442,"return",1035,0.0731632317648597
"R6",452,"$<-",3718,0.262822121450965
"R6",919,"$<-",3,0.000212067338448869
"R6",269,"<-",29311,2.07196858575826
"R6",482,"<<-",434,0.0306790749622697
"R6",510,"@<-",1484,0.104902643419374
"R6",322,"[<-",16,0.00113102580506063
"R6",723,"[[<-",6,0.000424134676897738
"R6",185,"attr<-",1284,0.0907648208561158
"R6",34,"attributes<-",1572,0.111123285347207
"R6",963,"base::$<-.data.frame",20,0.00141378225632579
"R6",1117,"base::[[<-.data.frame",28,0.00197929515885611
"R6",348,"base::body<-",152,0.010744745148076
"R6",1125,"base::colnames<-",402,0.0284170233521484
"R6",1104,"base::levels<-.factor",7,0.000494823789714027
"R6",295,"base::parent.env<-",31,0.00219136249730498
"R6",1119,"base::row.names<-",7,0.000494823789714027
"R6",1120,"base::row.names<-.data.frame",7,0.000494823789714027
"R6",1231,"base::rownames<-",206,0.0145619572401557
"R6",346,"body<-",174,0.0122999056300344
"R6",819,"body<-",31,0.00219136249730498
"R6",121,"class<-",2009,0.142014427647926
"R6",86,"dim<-",162,0.0114516362762389
"R6",87,"dimnames<-",726,0.0513202959046263
"R6",445,"environment<-",3415,0.241403320267629
"R6",1160,"length<-",17,0.00120171491787692
"R6",176,"levels<-",90,0.00636202015346606
"R6",920,"methods::$<-",310,0.0219136249730498
"R6",681,"methods::.newDirectSuperclass<-",17,0.00120171491787692
"R6",574,"methods::as<-",50,0.00353445564081448
"R6",528,"methods::insertFields<-",10,0.000706891128162896
"R6",636,"methods::packageSlot<-",79,0.00558443991248688
"R6",519,"methods::slot<-",332,0.0234687854550081
"R6",30,"names<-",1960,0.138550661119928
"R6",1092,"oldClass<-",70,0.00494823789714027
"R6",295,"parent.env<-",856,0.0605098805707439
"R6",296,"parent.env<-",887,0.0627012430680489
"R6",1190,"stats::contrasts<-",21,0.00148447136914208
"R6",177,"storage.mode<-",255,0.0180257237681538
"R6",327,"assign",2555,0.18061068324562
"R6",417,"assignNativeRoutines",14,0.000989647579428054
"R6",306,"assignWrapped",503,0.0355566237465937
"R6",443,"assign_func_envs",1049,0.0741528793442878
"R6",326,"base::assign",2555,0.18061068324562
"R6",611,"methods::.assignExpr",9,0.000636202015346606
"R6",535,"methods::.assignOverBinding",61,0.00431203588179367
"R6",597,"methods::.assignedVars",11,0.000777580240979186
"R6",663,"methods::assignClassDef",49,0.00346376652799819
"R6",843,"utils::assignInNamespace",1,7.06891128162896e-05
"R6",748,"base::print",5,0.000353445564081448
"R6",760,"base::print.default",3,0.000212067338448869
"R6",117,"base::sprintf",147,0.0103912995839946
"R6",761,"print.default",3,0.000212067338448869
"R6",749,"pryr::print.bytes",2,0.000141378225632579
"RcppArmadillo",369,"<anonymous>",108423,6.21846975505344
"RcppArmadillo",540,"<anonymous>",12678,0.727131324115433
"RcppArmadillo",1172,"<anonymous>",28,0.00160590606367188
"RcppArmadillo",1315,"<anonymous>",2,0.000114707575976563
"RcppArmadillo",211,"base::eval",3161,0.181295323830958
"RcppArmadillo",344,"base::eval.parent",7,0.00040147651591797
"RcppArmadillo",504,"base::evalq",1235,0.0708319281655276
"RcppArmadillo",216,"eval",4385,0.251496360328614
"RcppArmadillo",1429,"Matrix::forceCspSymmetric",10,0.000573537879882815
"RcppArmadillo",1503,"Matrix::forceSymmetric",8,0.000458830303906252
"RcppArmadillo",1596,"Matrix::forceSymmetric",1,5.73537879882815e-05
"RcppArmadillo",1603,"Matrix::forceSymmetric",1,5.73537879882815e-05
"RcppArmadillo",1140,"base::force",12,0.000688245455859378
"RcppArmadillo",150,"forceAndCall",55,0.00315445833935548
"RcppArmadillo",1502,"forceSymmetric",10,0.000573537879882815
"RcppArmadillo",347,"<-",7436,0.426482767480861
"RcppArmadillo",1007,"@<-",1722,0.0987632229158207
"RcppArmadillo",1537,"Matrix::[<-",3,0.000172061363964844
"RcppArmadillo",1629,"Matrix::[<-",1,5.73537879882815e-05
"RcppArmadillo",1647,"Matrix::[<-",1,5.73537879882815e-05
"RcppArmadillo",1703,"Matrix::[<-",1,5.73537879882815e-05
"RcppArmadillo",1473,"Matrix::dimnames<-",3,0.000172061363964844
"RcppArmadillo",1342,"[<-",15,0.000860306819824222
"RcppArmadillo",1536,"[<-",6,0.000344122727929689
"RcppArmadillo",46,"attr<-",956,0.0548302213167971
"RcppArmadillo",57,"attributes<-",1164,0.0667598092183596
"RcppArmadillo",1490,"base::$<-.data.frame",1,5.73537879882815e-05
"RcppArmadillo",1312,"base::Encoding<-",27,0.0015485522756836
"RcppArmadillo",606,"base::body<-",1561,0.0895292630497074
"RcppArmadillo",787,"base::colnames<-",4,0.000229415151953126
"RcppArmadillo",1646,"base::diag<-",4,0.000229415151953126
"RcppArmadillo",796,"base::mostattributes<-",9,0.000516184091894533
"RcppArmadillo",372,"base::parent.env<-",30,0.00172061363964844
"RcppArmadillo",786,"base::rownames<-",5,0.000286768939941407
"RcppArmadillo",604,"body<-",1375,0.078861458483887
"RcppArmadillo",1073,"body<-",30,0.00172061363964844
"RcppArmadillo",45,"class<-",435,0.0249488977749024
"RcppArmadillo",1645,"diag<-",4,0.000229415151953126
"RcppArmadillo",148,"dim<-",77,0.00441624167509767
"RcppArmadillo",149,"dimnames<-",114,0.00653833183066409
"RcppArmadillo",1472,"dimnames<-",3,0.000172061363964844
"RcppArmadillo",709,"environment<-",70,0.0040147651591797
"RcppArmadillo",1094,"length<-",17,0.000975014395800785
"RcppArmadillo",229,"levels<-",40,0.00229415151953126
"RcppArmadillo",1101,"methods::as<-",34,0.00195002879160157
"RcppArmadillo",1080,"methods::packageSlot<-",325,0.0186399810961915
"RcppArmadillo",1256,"methods::slot<-",606,0.0347563955208986
"RcppArmadillo",20,"names<-",2655,0.152274307108887
"RcppArmadillo",725,"oldClass<-",20,0.00114707575976563
"RcppArmadillo",372,"parent.env<-",629,0.036075532644629
"RcppArmadillo",373,"parent.env<-",659,0.0377961462842775
"RcppArmadillo",230,"storage.mode<-",85,0.00487507197900393
"RcppArmadillo",438,"assign",3719,0.213298737528419
"RcppArmadillo",396,"assignNativeRoutines",6,0.000344122727929689
"RcppArmadillo",385,"assignWrapped",109,0.00625156289072268
"RcppArmadillo",437,"base::assign",3719,0.213298737528419
"RcppArmadillo",1091,"methods::.assignOverBinding",42,0.00240885909550782
"RcppArmadillo",1724,"RUnit::printHTMLProtocol",1,5.73537879882815e-05
"RcppArmadillo",1757,"RUnit::printTextProtocol",1,5.73537879882815e-05
"RcppArmadillo",79,"base::sprintf",210,0.0120442954775391
"RcppArmadillo",917,"printDeferredWarnings",11,0.000630891667871096
"RcppEigen",46,"attr<-",2,1.09289617486339
"RcppEigen",57,"attributes<-",1,0.546448087431694
"RcppEigen",45,"class<-",2,1.09289617486339
"RcppEigen",20,"names<-",5,2.73224043715847
"Rcpp",381,"<anonymous>",9319,6.03785076096746
"Rcpp",722,"<anonymous>",165,0.106904751106302
"Rcpp",866,"<anonymous>",2,0.00129581516492488
"Rcpp",218,"base::eval",207,0.134116869569725
"Rcpp",335,"base::eval.parent",3,0.00194372274738731
"Rcpp",689,"base::evalq",91,0.0589595900040818
"Rcpp",223,"eval",298,0.193076459573806
"Rcpp",585,"base::force",90,0.0583116824216194
"Rcpp",157,"forceAndCall",30,0.0194372274738731
"Rcpp",338,"<-",252,0.163272710780534
"Rcpp",439,"@<-",53,0.0343391018705092
"Rcpp",576,"[<-",2,0.00129581516492488
"Rcpp",45,"attr<-",201,0.13022942407495
"Rcpp",59,"attributes<-",391,0.253331864742813
"Rcpp",589,"base::Encoding<-",4,0.00259163032984975
"Rcpp",471,"base::body<-",13,0.00842279857201169
"Rcpp",930,"base::colnames<-",1,0.000647907582462438
"Rcpp",833,"base::formals<-",4,0.00259163032984975
"Rcpp",782,"base::mostattributes<-",4,0.00259163032984975
"Rcpp",384,"base::parent.env<-",2,0.00129581516492488
"Rcpp",929,"base::rownames<-",2,0.00129581516492488
"Rcpp",461,"body<-",12,0.00777489098954925
"Rcpp",462,"body<-",2,0.00129581516492488
"Rcpp",44,"class<-",147,0.0952424146219783
"Rcpp",155,"dim<-",30,0.0194372274738731
"Rcpp",156,"dimnames<-",33,0.0213809502212604
"Rcpp",476,"environment<-",4,0.00259163032984975
"Rcpp",493,"length<-",1,0.000647907582462438
"Rcpp",235,"levels<-",19,0.0123102440667863
"Rcpp",501,"methods::as<-",5,0.00323953791231219
"Rcpp",477,"methods::packageSlot<-",5,0.00323953791231219
"Rcpp",832,"methods::slot<-",4,0.00259163032984975
"Rcpp",56,"names<-",516,0.334320312550618
"Rcpp",660,"oldClass<-",3,0.00194372274738731
"Rcpp",384,"parent.env<-",56,0.0362828246178965
"Rcpp",385,"parent.env<-",58,0.0375786397828214
"Rcpp",236,"storage.mode<-",19,0.0123102440667863
"Rcpp",437,"assign",64,0.041466085277596
"Rcpp",569,"assignNativeRoutines",1,0.000647907582462438
"Rcpp",853,"assignWrapped",2,0.00129581516492488
"Rcpp",436,"base::assign",64,0.041466085277596
"Rcpp",490,"methods::.assignOverBinding",2,0.00129581516492488
"Rcpp",901,"RUnit::printHTMLProtocol",1,0.000647907582462438
"Rcpp",936,"RUnit::printTextProtocol",1,0.000647907582462438
"Rcpp",85,"base::sprintf",93,0.0602554051690067
"readr",21,"<anonymous>",28,0.0325611684807889
"readr",319,"<anonymous>",5897,6.85761466182901
"readr",868,"<anonymous>",2,0.00232579774862778
"readr",143,"base::eval",140,0.162805842403945
"readr",293,"base::eval.parent",3,0.00348869662294167
"readr",816,"base::evalq",7,0.00814029212019723
"readr",148,"eval",147,0.170946134524142
"readr",558,"rlang::eval_bare",50,0.0581449437156945
"readr",832,"base::force",1,0.00116289887431389
"readr",66,"forceAndCall",16,0.0186063819890222
"readr",296,"<-",85,0.0988464043166806
"readr",426,"[<-",16,0.0186063819890222
"readr",204,"attr<-",119,0.138384966043353
"readr",111,"attributes<-",305,0.354684156665736
"readr",851,"base::$<-.data.frame",2,0.00232579774862778
"readr",596,"base::[<-.data.frame",6,0.00697739324588334
"readr",447,"base::body<-",3,0.00348869662294167
"readr",654,"base::colnames<-",2,0.00232579774862778
"readr",639,"base::mostattributes<-",8,0.00930319099451112
"readr",580,"base::row.names<-",2,0.00232579774862778
"readr",581,"base::row.names<-.data.frame",2,0.00232579774862778
"readr",579,"base::rownames<-",2,0.00232579774862778
"readr",445,"body<-",3,0.00348869662294167
"readr",104,"class<-",95,0.11047539305982
"readr",64,"dim<-",16,0.0186063819890222
"readr",65,"dimnames<-",16,0.0186063819890222
"readr",161,"levels<-",14,0.0162805842403945
"readr",77,"names<-",453,0.526793190064192
"readr",590,"oldClass<-",34,0.0395385617266722
"readr",322,"parent.env<-",65,0.0755884268304028
"readr",323,"parent.env<-",65,0.0755884268304028
"readr",162,"storage.mode<-",13,0.0151176853660806
"readr",431,"assign",20,0.0232579774862778
"readr",396,"assignNativeRoutines",1,0.00116289887431389
"readr",336,"assignWrapped",15,0.0174434831147083
"readr",430,"base::assign",8,0.00930319099451112
"readr",100,"base::sprintf",40,0.0465159549725556
"readxl",33,"<anonymous>",17,0.00930395472805088
"readxl",292,"<anonymous>",4097,2.24225308946026
"readxl",159,"base::eval",277,0.15159973292177
"readxl",266,"base::eval.parent",4,0.00218916581836491
"readxl",472,"base::evalq",312,0.170754933832463
"readxl",164,"eval",589,0.322354666754233
"readxl",565,"rlang::eval_bare",91,0.0498035223678018
"readxl",497,"base::force",468,0.256132400748695
"readxl",88,"forceAndCall",26,0.0142295778193719
"readxl",269,"<-",86,0.0470670650948456
"readxl",322,"[<-",16,0.00875666327345965
"readxl",185,"attr<-",668,0.36559069166694
"readxl",34,"attributes<-",871,0.47669085694896
"readxl",625,"base::[<-.data.frame",15,0.00820937181886842
"readxl",348,"base::body<-",3,0.00164187436377368
"readxl",666,"base::colnames<-",15,0.00820937181886842
"readxl",651,"base::mostattributes<-",20,0.0109458290918246
"readxl",611,"base::row.names<-",5,0.00273645727295614
"readxl",612,"base::row.names<-.data.frame",5,0.00273645727295614
"readxl",610,"base::rownames<-",5,0.00273645727295614
"readxl",346,"body<-",3,0.00164187436377368
"readxl",121,"class<-",119,0.0651276830963561
"readxl",86,"dim<-",26,0.0142295778193719
"readxl",87,"dimnames<-",36,0.0197024923652842
"readxl",176,"levels<-",7,0.0038310401821386
"readxl",30,"names<-",1622,0.887706739346972
"readxl",619,"oldClass<-",57,0.0311956129117
"readxl",295,"parent.env<-",65,0.0355739445484298
"readxl",296,"parent.env<-",65,0.0355739445484298
"readxl",177,"storage.mode<-",7,0.0038310401821386
"readxl",327,"assign",30,0.0164187436377368
"readxl",413,"assignNativeRoutines",1,0.000547291454591228
"readxl",306,"assignWrapped",9,0.00492562309132105
"readxl",326,"base::assign",8,0.00437833163672982
"readxl",583,"base::print",5,0.00273645727295614
"readxl",117,"base::sprintf",21,0.0114931205464158
"readxl",584,"tibble::print.tbl_df",5,0.00273645727295614
"rlang",292,"<anonymous>",642,7.6401285255266
"rlang",159,"base::eval",15,0.178507675830061
"rlang",266,"base::eval.parent",1,0.011900511722004
"rlang",164,"eval",15,0.178507675830061
"rlang",88,"forceAndCall",4,0.0476020468880162
"rlang",269,"<-",74,0.880637867428299
"rlang",322,"[<-",16,0.190408187552065
"rlang",185,"attr<-",6,0.0714030703320243
"rlang",34,"attributes<-",36,0.428418421992146
"rlang",348,"base::body<-",3,0.0357015351660121
"rlang",346,"body<-",3,0.0357015351660121
"rlang",121,"class<-",12,0.142806140664049
"rlang",86,"dim<-",4,0.0476020468880162
"rlang",87,"dimnames<-",4,0.0476020468880162
"rlang",176,"levels<-",5,0.0595025586100202
"rlang",30,"names<-",42,0.49982149232417
"rlang",295,"parent.env<-",13,0.154706652386053
"rlang",296,"parent.env<-",13,0.154706652386053
"rlang",177,"storage.mode<-",5,0.0595025586100202
"rlang",327,"assign",8,0.0952040937760324
"rlang",306,"assignWrapped",2,0.0238010234440081
"rlang",326,"base::assign",8,0.0952040937760324
"rlang",117,"base::sprintf",15,0.178507675830061
"rprojroot",311,"<anonymous>",297,5.60800604229607
"rprojroot",161,"base::eval",17,0.320996978851964
"rprojroot",264,"base::eval.parent",2,0.0377643504531722
"rprojroot",166,"eval",17,0.320996978851964
"rprojroot",330,"base::force",4,0.0755287009063444
"rprojroot",92,"forceAndCall",2,0.0377643504531722
"rprojroot",358,"return",4,0.0755287009063444
"rprojroot",267,"<-",12,0.226586102719033
"rprojroot",187,"attr<-",6,0.113293051359517
"rprojroot",38,"attributes<-",26,0.490936555891239
"rprojroot",123,"class<-",8,0.151057401812689
"rprojroot",90,"dim<-",2,0.0377643504531722
"rprojroot",91,"dimnames<-",2,0.0377643504531722
"rprojroot",178,"levels<-",2,0.0377643504531722
"rprojroot",34,"names<-",29,0.547583081570997
"rprojroot",314,"parent.env<-",13,0.245468277945619
"rprojroot",315,"parent.env<-",13,0.245468277945619
"rprojroot",179,"storage.mode<-",2,0.0377643504531722
"rprojroot",325,"assignWrapped",4,0.0755287009063444
"rprojroot",119,"base::sprintf",6,0.113293051359517
"RSQLite",292,"<anonymous>",14622,7.82226311735
"RSQLite",159,"base::eval",67,0.0358426773945048
"RSQLite",266,"base::eval.parent",8,0.00427972267397073
"RSQLite",164,"eval",67,0.0358426773945048
"RSQLite",88,"forceAndCall",15,0.00802448001369511
"RSQLite",601,"$<-",22,0.0117692373534195
"RSQLite",269,"<-",1371,0.733437473251733
"RSQLite",454,"@<-",127,0.0679405974492853
"RSQLite",322,"[<-",16,0.00855944534794145
"RSQLite",185,"attr<-",115,0.0615210134383292
"RSQLite",34,"attributes<-",322,0.172258837627322
"RSQLite",707,"base::[<-.data.frame",4,0.00213986133698536
"RSQLite",348,"base::body<-",13,0.00695454934520243
"RSQLite",753,"base::mostattributes<-",1,0.000534965334246341
"RSQLite",295,"base::parent.env<-",1,0.000534965334246341
"RSQLite",700,"base::row.names<-",2,0.00106993066849268
"RSQLite",701,"base::row.names<-.data.frame",2,0.00106993066849268
"RSQLite",698,"base::rownames<-",2,0.00106993066849268
"RSQLite",346,"body<-",8,0.00427972267397073
"RSQLite",476,"body<-",1,0.000534965334246341
"RSQLite",121,"class<-",62,0.0331678507232731
"RSQLite",86,"dim<-",15,0.00802448001369511
"RSQLite",87,"dimnames<-",15,0.00802448001369511
"RSQLite",485,"environment<-",2,0.00106993066849268
"RSQLite",562,"length<-",5,0.0026748266712317
"RSQLite",176,"levels<-",15,0.00802448001369511
"RSQLite",636,"methods::as<-",19,0.0101643413506805
"RSQLite",486,"methods::packageSlot<-",7,0.00374475733972439
"RSQLite",584,"methods::slot<-",84,0.0449370880766926
"RSQLite",30,"names<-",319,0.170653941624583
"RSQLite",295,"parent.env<-",481,0.25731832577249
"RSQLite",296,"parent.env<-",482,0.257853291106736
"RSQLite",177,"storage.mode<-",15,0.00802448001369511
"RSQLite",327,"assign",661,0.353612085936831
"RSQLite",549,"assignNativeRoutines",4,0.00213986133698536
"RSQLite",306,"assignWrapped",167,0.0893392108191389
"RSQLite",326,"base::assign",661,0.353612085936831
"RSQLite",497,"methods::.assignOverBinding",1,0.000534965334246341
"RSQLite",741,"base::print",4,0.00213986133698536
"RSQLite",742,"base::print.default",4,0.00213986133698536
"RSQLite",117,"base::sprintf",48,0.0256783360438244
"RSQLite",743,"print.default",4,0.00213986133698536
"SparseM",335,"<anonymous>",13274,14.1683033045854
"SparseM",143,"base::eval",51,0.0544360003415592
"SparseM",295,"base::eval.parent",1,0.00106737255571685
"SparseM",148,"eval",51,0.0544360003415592
"SparseM",66,"forceAndCall",5,0.00533686277858424
"SparseM",637,"return",3,0.00320211766715054
"SparseM",761,"$<-",1,0.00106737255571685
"SparseM",298,"<-",759,0.810135769789087
"SparseM",386,"@<-",290,0.309538041157886
"SparseM",636,"[<-",20,0.0213474511143369
"SparseM",206,"attr<-",80,0.0853898044573478
"SparseM",111,"attributes<-",155,0.165442746136111
"SparseM",555,"base::Encoding<-",4,0.00426949022286739
"SparseM",452,"base::body<-",16,0.0170779608914696
"SparseM",338,"base::parent.env<-",11,0.0117410981128853
"SparseM",439,"body<-",24,0.0256169413372043
"SparseM",440,"body<-",11,0.0117410981128853
"SparseM",104,"class<-",125,0.133421569464606
"SparseM",64,"dim<-",10,0.0106737255571685
"SparseM",65,"dimnames<-",8,0.00853898044573478
"SparseM",457,"environment<-",24,0.0256169413372043
"SparseM",490,"length<-",3,0.00320211766715054
"SparseM",161,"levels<-",4,0.00426949022286739
"SparseM",499,"methods::as<-",2,0.00213474511143369
"SparseM",458,"methods::packageSlot<-",15,0.0160105883357527
"SparseM",747,"methods::slot<-",48,0.0512338826744087
"SparseM",77,"names<-",135,0.144095295021774
"SparseM",784,"oldClass<-",4,0.00426949022286739
"SparseM",338,"parent.env<-",145,0.154769020578943
"SparseM",339,"parent.env<-",156,0.166510118691828
"SparseM",162,"storage.mode<-",5,0.00533686277858424
"SparseM",417,"assign",289,0.308470668602169
"SparseM",352,"assignNativeRoutines",1,0.00106737255571685
"SparseM",324,"assignWrapped",28,0.0298864315600717
"SparseM",416,"base::assign",289,0.308470668602169
"SparseM",473,"methods::.assignOverBinding",13,0.013875843224319
"SparseM",100,"base::sprintf",14,0.0149432157800359
"stringr",305,"<anonymous>",1424,12.5506786532699
"stringr",173,"base::eval",31,0.273224043715847
"stringr",279,"base::eval.parent",1,0.00881367882954345
"stringr",178,"eval",31,0.273224043715847
"stringr",105,"forceAndCall",1,0.00881367882954345
"stringr",282,"<-",74,0.652212233386215
"stringr",335,"[<-",16,0.141018861272695
"stringr",199,"attr<-",3,0.0264410364886304
"stringr",54,"attributes<-",64,0.564075445090781
"stringr",359,"base::body<-",3,0.0264410364886304
"stringr",357,"body<-",3,0.0264410364886304
"stringr",137,"class<-",7,0.0616957518068042
"stringr",103,"dim<-",1,0.00881367882954345
"stringr",104,"dimnames<-",1,0.00881367882954345
"stringr",190,"levels<-",1,0.00881367882954345
"stringr",50,"names<-",37,0.326106116693108
"stringr",308,"parent.env<-",39,0.343733474352195
"stringr",309,"parent.env<-",39,0.343733474352195
"stringr",191,"storage.mode<-",1,0.00881367882954345
"stringr",387,"stringi::stri_sub<-",1,0.00881367882954345
"stringr",386,"stringr::str_sub<-",1,0.00881367882954345
"stringr",340,"assign",8,0.0705094306363476
"stringr",319,"assignWrapped",2,0.0176273576590869
"stringr",339,"base::assign",8,0.0705094306363476
"stringr",134,"base::sprintf",3,0.0264410364886304
"tibble",292,"<anonymous>",4497,5.53920059124222
"tibble",515,"<anonymous>",12,0.0147810556137217
"tibble",548,"<anonymous>",1,0.00123175463447681
"tibble",159,"base::eval",207,0.2549732093367
"tibble",266,"base::eval.parent",1,0.00123175463447681
"tibble",164,"eval",207,0.2549732093367
"tibble",613,"rlang::eval_bare",91,0.11208967173739
"tibble",636,"rlang::eval_tidy",10,0.0123175463447681
"tibble",666,"rlang::f_self_eval",10,0.0123175463447681
"tibble",667,"rlang::overscope_eval_next",10,0.0123175463447681
"tibble",423,"base::force",4,0.00492701853790725
"tibble",88,"forceAndCall",4,0.00492701853790725
"tibble",269,"<-",74,0.0911498429512841
"tibble",322,"[<-",16,0.019708074151629
"tibble",185,"attr<-",32,0.039416148303258
"tibble",34,"attributes<-",138,0.1699821395578
"tibble",744,"base::Encoding<-",2,0.00246350926895362
"tibble",348,"base::body<-",3,0.00369526390343044
"tibble",461,"base::mostattributes<-",7,0.00862228244133769
"tibble",346,"body<-",3,0.00369526390343044
"tibble",121,"class<-",38,0.0468066761101189
"tibble",86,"dim<-",4,0.00492701853790725
"tibble",87,"dimnames<-",4,0.00492701853790725
"tibble",176,"levels<-",5,0.00615877317238406
"tibble",30,"names<-",424,0.522263965018168
"tibble",541,"oldClass<-",3,0.00369526390343044
"tibble",295,"parent.env<-",43,0.0529654492825029
"tibble",296,"parent.env<-",43,0.0529654492825029
"tibble",177,"storage.mode<-",5,0.00615877317238406
"tibble",327,"assign",11,0.0135493009792449
"tibble",306,"assignWrapped",2,0.00246350926895362
"tibble",326,"base::assign",8,0.0098540370758145
"tibble",117,"base::sprintf",16,0.019708074151629
"tibble",746,"printDeferredWarnings",1,0.00123175463447681
"tidyr",292,"<anonymous>",931,13.4304673975765
"tidyr",159,"base::eval",6,0.0865551067512983
"tidyr",266,"base::eval.parent",1,0.0144258511252164
"tidyr",164,"eval",6,0.0865551067512983
"tidyr",88,"forceAndCall",1,0.0144258511252164
"tidyr",269,"<-",74,1.06751298326601
"tidyr",322,"[<-",16,0.230813618003462
"tidyr",185,"attr<-",3,0.0432775533756492
"tidyr",34,"attributes<-",26,0.375072129255626
"tidyr",348,"base::body<-",3,0.0432775533756492
"tidyr",346,"body<-",3,0.0432775533756492
"tidyr",121,"class<-",4,0.0577034045008656
"tidyr",86,"dim<-",1,0.0144258511252164
"tidyr",87,"dimnames<-",1,0.0144258511252164
"tidyr",176,"levels<-",1,0.0144258511252164
"tidyr",30,"names<-",27,0.389497980380842
"tidyr",295,"parent.env<-",11,0.15868436237738
"tidyr",296,"parent.env<-",11,0.15868436237738
"tidyr",177,"storage.mode<-",1,0.0144258511252164
"tidyr",327,"assign",8,0.115406809001731
"tidyr",306,"assignWrapped",2,0.0288517022504328
"tidyr",326,"base::assign",8,0.115406809001731
"tidyr",117,"base::sprintf",3,0.0432775533756492
"viridis",373,"<anonymous>",181688,9.66466144056053
"viridis",788,"<anonymous>",4,0.000212774898519672
"viridis",143,"base::eval",556,0.0295757108942344
"viridis",283,"base::eval.parent",22,0.0011702619418582
"viridis",148,"eval",556,0.0295757108942344
"viridis",776,"plyr::revalue",2,0.000106387449259836
"viridis",542,"base::force",2,0.000106387449259836
"viridis",66,"forceAndCall",12589,0.669655799366037
"viridis",286,"<-",1565,0.0832481790458216
"viridis",471,"@<-",1083,0.0576088037742011
"viridis",557,"[<-",16,0.000851099594078687
"viridis",222,"attr<-",315,0.0167560232584242
"viridis",111,"attributes<-",1573,0.083673728842861
"viridis",1052,"base::Encoding<-",12,0.000638324695559016
"viridis",503,"base::body<-",61,0.003244817202425
"viridis",729,"base::colnames<-",2089,0.111121690751899
"viridis",740,"base::mostattributes<-",158,0.00840460849152704
"viridis",375,"base::parent.env<-",58,0.00308523602853524
"viridis",493,"body<-",119,0.00633005323096024
"viridis",494,"body<-",58,0.00308523602853524
"viridis",104,"class<-",591,0.0314374912562815
"viridis",64,"dim<-",200,0.0106387449259836
"viridis",65,"dimnames<-",209,0.0111174884476529
"viridis",406,"environment<-",117,0.0062236657817004
"viridis",1017,"length<-",21,0.00111706821722828
"viridis",161,"levels<-",78,0.0041491105211336
"viridis",1023,"methods::as<-",35,0.00186178036204713
"viridis",508,"methods::packageSlot<-",64,0.00340439837631475
"viridis",972,"methods::slot<-",21,0.00111706821722828
"viridis",77,"names<-",1293,0.0687794859464839
"viridis",655,"oldClass<-",32,0.00170219918815737
"viridis",375,"parent.env<-",1676,0.0891526824797425
"viridis",376,"parent.env<-",1734,0.0922379185082777
"viridis",162,"storage.mode<-",205,0.0109047135491332
"viridis",469,"assign",992,0.0527681748328786
"viridis",400,"assignNativeRoutines",11,0.000585130970929098
"viridis",388,"assignWrapped",392,0.0208519400549278
"viridis",468,"base::assign",992,0.0527681748328786
"viridis",519,"methods::.assignOverBinding",63,0.00335120465168483
"viridis",100,"base::sprintf",248,0.0131920437082197
"xml2",292,"<anonymous>",2059,8.56560445960563
"xml2",509,"<anonymous>",6,0.0249604792412014
"xml2",510,"<anonymous>",2,0.00832015974706714
"xml2",159,"base::eval",34,0.141442715700141
"xml2",266,"base::eval.parent",2,0.00832015974706714
"xml2",164,"eval",34,0.141442715700141
"xml2",88,"forceAndCall",9,0.0374407188618021
"xml2",269,"<-",78,0.324486230135619
"xml2",322,"[<-",16,0.0665612779765371
"xml2",185,"attr<-",12,0.0499209584824029
"xml2",34,"attributes<-",122,0.507529744571096
"xml2",348,"base::body<-",3,0.0124802396206007
"xml2",346,"body<-",3,0.0124802396206007
"xml2",121,"class<-",33,0.137282635826608
"xml2",86,"dim<-",9,0.0374407188618021
"xml2",87,"dimnames<-",9,0.0374407188618021
"xml2",176,"levels<-",8,0.0332806389882686
"xml2",30,"names<-",126,0.52417006406523
"xml2",295,"parent.env<-",40,0.166403194941343
"xml2",296,"parent.env<-",40,0.166403194941343
"xml2",177,"storage.mode<-",8,0.0332806389882686
"xml2",499,"xml2::xml_attr<-",11,0.0457608786088693
"xml2",500,"xml2::xml_attr<-.xml_node",11,0.0457608786088693
"xml2",502,"xml2::xml_attrs<-",5,0.0208003993676679
"xml2",503,"xml2::xml_attrs<-.xml_node",5,0.0208003993676679
"xml2",511,"xml2::xml_name<-",1,0.00416007987353357
"xml2",512,"xml2::xml_name<-.xml_node",1,0.00416007987353357
"xml2",448,"xml2::xml_text<-",5,0.0208003993676679
"xml2",449,"xml2::xml_text<-.xml_node",6,0.0249604792412014
"xml2",468,"xml2::xml_text<-.xml_nodeset",1,0.00416007987353357
"xml2",327,"assign",8,0.0332806389882686
"xml2",412,"assignNativeRoutines",1,0.00416007987353357
"xml2",306,"assignWrapped",18,0.0748814377236043
"xml2",326,"base::assign",8,0.0332806389882686
"xml2",117,"base::sprintf",24,0.0998419169648057
"xml2",479,"xml2::print_xml_structure",1,0.00416007987353357
"xtable",311,"<anonymous>",218079,6.03413140399619
"xtable",1408,"<anonymous>",25,0.000691736871041709
"xtable",2121,"<anonymous>",4,0.000110677899366673
"xtable",2603,"<anonymous>",223,0.00617029288969204
"xtable",2701,"<anonymous>",12,0.00033203369810002
"xtable",2786,"<anonymous>",16,0.000442711597466694
"xtable",143,"base::eval",7680,0.212501566784013
"xtable",285,"base::eval.parent",50,0.00138347374208342
"xtable",148,"eval",7680,0.212501566784013
"xtable",1535,"Matrix::forceCspSymmetric",6,0.00016601684905001
"xtable",1534,"Matrix::forceSymmetric",6,0.00016601684905001
"xtable",531,"base::force",1031,0.0285272285617601
"xtable",66,"forceAndCall",3147,0.0870758373267303
"xtable",1522,"forceSymmetric",6,0.00016601684905001
"xtable",288,"<-",15259,0.422208516609017
"xtable",1163,"@<-",2192,0.060651488852937
"xtable",2271,"Matrix::[<-",6,0.00016601684905001
"xtable",1356,"Matrix::dimnames<-",6,0.00016601684905001
"xtable",344,"[<-",85,0.00235190536154181
"xtable",2270,"[<-",6,0.00016601684905001
"xtable",191,"attr<-",5741,0.158850455066018
"xtable",111,"attributes<-",5238,0.144932709220659
"xtable",800,"base::$<-.data.frame",4,0.000110677899366673
"xtable",1838,"base::Encoding<-",282,0.00780279190535047
"xtable",458,"base::[<-.data.frame",54,0.00149415164145009
"xtable",1969,"base::[<-.factor",8,0.000221355798733347
"xtable",513,"base::[[<-.data.frame",53,0.00146648216660842
"xtable",370,"base::body<-",404,0.011178467836034
"xtable",578,"base::colnames<-",480,0.0132813479240008
"xtable",2269,"base::diag<-",6,0.00016601684905001
"xtable",570,"base::dimnames<-.data.frame",10,0.000276694748416683
"xtable",1277,"base::mode<-",726,0.0200880387350512
"xtable",756,"base::mostattributes<-",929,0.0257049421279099
"xtable",314,"base::parent.env<-",47,0.00130046531755841
"xtable",571,"base::row.names<-",226,0.00625330131421705
"xtable",572,"base::row.names<-.data.frame",15,0.000415042122625025
"xtable",1436,"base::row.names<-.default",211,0.00583825919159202
"xtable",948,"base::rownames<-",371,0.010265375166259
"xtable",368,"body<-",316,0.0087435540499672
"xtable",1193,"body<-",47,0.00130046531755841
"xtable",104,"class<-",3752,0.10381586960594
"xtable",1808,"coordinates<-",1,2.76694748416683e-05
"xtable",2268,"diag<-",6,0.00016601684905001
"xtable",64,"dim<-",776,0.0214715124771346
"xtable",65,"dimnames<-",1282,0.0354722667470188
"xtable",1350,"dimnames<-",6,0.00016601684905001
"xtable",482,"environment<-",385,0.0106527478140423
"xtable",1142,"length<-",21,0.000581058971675035
"xtable",161,"levels<-",399,0.0110401204618257
"xtable",1160,"methods::as<-",46,0.00127279584271674
"xtable",1196,"methods::packageSlot<-",223,0.00617029288969204
"xtable",1332,"methods::slot<-",1828,0.0505798000105697
"xtable",77,"names<-",5251,0.1452924123936
"xtable",448,"oldClass<-",282,0.00780279190535047
"xtable",314,"parent.env<-",2142,0.0592680151108536
"xtable",315,"parent.env<-",2189,0.060568480428412
"xtable",1809,"sp::coordinates<-",1,2.76694748416683e-05
"xtable",508,"stats::contrasts<-",30,0.00083008424525005
"xtable",162,"storage.mode<-",423,0.0117041878580257
"xtable",466,"xtable::align<-",84,0.00232423588670014
"xtable",467,"xtable::align<-.xtable",84,0.00232423588670014
"xtable",460,"xtable::caption<-",76,0.00210288008796679
"xtable",461,"xtable::caption<-.xtable",76,0.00210288008796679
"xtable",471,"xtable::digits<-",81,0.00224122746217514
"xtable",472,"xtable::digits<-.xtable",81,0.00224122746217514
"xtable",473,"xtable::display<-",79,0.0021858885124918
"xtable",474,"xtable::display<-.xtable",79,0.0021858885124918
"xtable",462,"xtable::label<-",76,0.00210288008796679
"xtable",463,"xtable::label<-.xtable",76,0.00210288008796679
"xtable",349,"assign",9777,0.270524455526991
"xtable",1059,"assignNativeRoutines",28,0.000774745295566714
"xtable",328,"assignWrapped",1379,0.0381562058066607
"xtable",348,"base::assign",9777,0.270524455526991
"xtable",1207,"methods::.assignOverBinding",97,0.00268393905964183
"xtable",2553,"survival::attrassign",1,2.76694748416683e-05
"xtable",2554,"survival::attrassign.default",1,2.76694748416683e-05
"xtable",890,"base::print",91,0.00251792221059182
"xtable",1803,"base::print.data.frame",3,8.3008424525005e-05
"xtable",1797,"base::print.default",8,0.000221355798733347
"xtable",100,"base::sprintf",398,0.011012450986984
"xtable",1689,"print",4,0.000110677899366673
"xtable",1798,"print.default",8,0.000221355798733347
"xtable",1851,"spdep::print.listw",2,5.53389496833367e-05
"xtable",1853,"spdep::print.nb",2,5.53389496833367e-05
"xtable",891,"xtable::print.string",50,0.00138347374208342
"xtable",838,"xtable::print.xtable",52,0.00143881269176675
"xtable",823,"xtable::print.xtableFtable",5,0.000138347374208342
"xtable",2634,"xtable::print.xtableList",18,0.00049805054715003
"xts",348,"<anonymous>",7818,7.54961131765728
"xts",562,"<anonymous>",16,0.0154507266669886
"xts",179,"base::eval",294,0.283907102505915
"xts",323,"base::eval.parent",4,0.00386268166674714
"xts",184,"eval",294,0.283907102505915
"xts",459,"base::force",4,0.00386268166674714
"xts",114,"forceAndCall",13,0.0125537154169282
"xts",326,"<-",16,0.0154507266669886
"xts",235,"attr<-",42,0.040558157500845
"xts",39,"attributes<-",554,0.534981410844479
"xts",463,"base::Encoding<-",16,0.0154507266669886
"xts",603,"base::colnames<-",10,0.00965670416686785
"xts",602,"base::rownames<-",6,0.00579402250012071
"xts",145,"class<-",139,0.134228187919463
"xts",112,"dim<-",14,0.013519385833615
"xts",113,"dimnames<-",32,0.0309014533339771
"xts",391,"environment<-",1,0.000965670416686785
"xts",197,"levels<-",11,0.0106223745835546
"xts",36,"names<-",797,0.769639322099367
"xts",570,"oldClass<-",7,0.00675969291680749
"xts",351,"parent.env<-",96,0.0927043600019313
"xts",352,"parent.env<-",96,0.0927043600019313
"xts",198,"storage.mode<-",11,0.0106223745835546
"xts",842,"xts::CLASS<-",4,0.00386268166674714
"xts",843,"xts::CLASS<-.xts",4,0.00386268166674714
"xts",785,"xts::[<-.xts",3,0.00289701125006035
"xts",601,"xts::dimnames<-.xts",6,0.00579402250012071
"xts",697,"xts::indexClass<-",1,0.000965670416686785
"xts",698,"xts::indexClass<-.xts",1,0.000965670416686785
"xts",844,"xts::xtsAttributes<-",4,0.00386268166674714
"xts",845,"xts::xtsAttributes<-.xts",4,0.00386268166674714
"xts",867,"zoo::$<-.zoo",1,0.000965670416686785
"xts",442,"assign",12,0.0115880450002414
"xts",380,"assignNativeRoutines",4,0.00386268166674714
"xts",365,"assignWrapped",227,0.2192071845879
"xts",441,"base::assign",12,0.0115880450002414
"xts",805,"base::print",1,0.000965670416686785
"xts",806,"base::print.default",1,0.000965670416686785
"xts",16,"base::sprintf",53,0.0511805320843996
"xts",807,"print.default",1,0.000965670416686785
"zoo",325,"<anonymous>",46936,5.35274810744727
"zoo",636,"<anonymous>",1,0.000114043550951237
"zoo",674,"<anonymous>",3,0.000342130652853712
"zoo",691,"<anonymous>",1,0.000114043550951237
"zoo",739,"<anonymous>",9,0.00102639195856114
"zoo",755,"<anonymous>",1,0.000114043550951237
"zoo",846,"<anonymous>",1,0.000114043550951237
"zoo",847,"<anonymous>",1,0.000114043550951237
"zoo",848,"<anonymous>",1,0.000114043550951237
"zoo",850,"<anonymous>",2,0.000228087101902475
"zoo",1363,"<anonymous>",22,0.00250895812092722
"zoo",1427,"<anonymous>",60,0.00684261305707424
"zoo",1563,"<anonymous>",18,0.00205278391712227
"zoo",143,"base::eval",1774,0.202313259387495
"zoo",299,"base::eval.parent",17,0.00193874036617103
"zoo",148,"eval",1774,0.202313259387495
"zoo",436,"base::force",124,0.0141414003179534
"zoo",66,"forceAndCall",201,0.0229227537411987
"zoo",302,"<-",1519,0.173232153894929
"zoo",948,"@<-",886,0.101042586142796
"zoo",206,"attr<-",5453,0.621879483337097
"zoo",111,"attributes<-",1928,0.219875966233985
"zoo",443,"base::Encoding<-",38,0.00433365493614702
"zoo",1637,"base::[<-.Date",12,0.00136852261141485
"zoo",1318,"base::[<-.POSIXct",16,0.0018246968152198
"zoo",559,"base::[<-.data.frame",18,0.00205278391712227
"zoo",787,"base::[[<-.data.frame",19,0.00216682746807351
"zoo",1016,"base::body<-",83,0.00946561472895269
"zoo",690,"base::colnames<-",44,0.00501791624185444
"zoo",780,"base::levels<-.factor",11,0.00125447906046361
"zoo",1124,"base::mostattributes<-",43,0.0049038726909032
"zoo",328,"base::parent.env<-",45,0.00513195979280568
"zoo",790,"base::row.names<-",44,0.00501791624185444
"zoo",791,"base::row.names<-.data.frame",28,0.00319321942663464
"zoo",857,"base::row.names<-.default",16,0.0018246968152198
"zoo",858,"base::rownames<-",16,0.0018246968152198
"zoo",1352,"base::split<-",13,0.00148256616236608
"zoo",1353,"base::split<-.default",13,0.00148256616236608
"zoo",1297,"base::units<-",8,0.000912348407609898
"zoo",1298,"base::units<-.difftime",8,0.000912348407609898
"zoo",1006,"body<-",119,0.0135711825631972
"zoo",1007,"body<-",45,0.00513195979280568
"zoo",104,"class<-",2877,0.32810329608671
"zoo",64,"dim<-",94,0.0107200937894163
"zoo",65,"dimnames<-",153,0.0174486632955393
"zoo",368,"environment<-",98,0.0111762679932213
"zoo",1059,"length<-",13,0.00148256616236608
"zoo",161,"levels<-",193,0.0220104053335888
"zoo",1781,"methods::.newDirectSuperclass<-",1,0.000114043550951237
"zoo",1067,"methods::as<-",13,0.00148256616236608
"zoo",1020,"methods::packageSlot<-",63,0.00718474370992795
"zoo",1200,"methods::slot<-",124,0.0141414003179534
"zoo",77,"names<-",3129,0.356842270926421
"zoo",777,"oldClass<-",70,0.00798304856658661
"zoo",328,"parent.env<-",836,0.0953404085952343
"zoo",329,"parent.env<-",881,0.10047236838804
"zoo",1395,"stats::window<-",1,0.000114043550951237
"zoo",162,"storage.mode<-",114,0.013000964808441
"zoo",1580,"zoo::$<-.zoo",1,0.000114043550951237
"zoo",835,"zoo::[<-.zoo",90,0.0102639195856114
"zoo",1391,"zoo::coredata<-",1,0.000114043550951237
"zoo",1392,"zoo::coredata<-.zoo",1,0.000114043550951237
"zoo",816,"zoo::index<-",16,0.0018246968152198
"zoo",817,"zoo::index<-.zoo",15,0.00171065326426856
"zoo",1621,"zoo::index<-.zooreg",1,0.000114043550951237
"zoo",1577,"zoo::time<-",1,0.000114043550951237
"zoo",1578,"zoo::time<-.zoo",1,0.000114043550951237
"zoo",1396,"zoo::window<-.zoo",1,0.000114043550951237
"zoo",419,"assign",1772,0.202085172285592
"zoo",357,"assignNativeRoutines",9,0.00102639195856114
"zoo",342,"assignWrapped",420,0.0478982913995196
"zoo",418,"base::assign",1772,0.202085172285592
"zoo",1031,"methods::.assignOverBinding",48,0.00547409044565939
"zoo",1766,"methods::assignClassDef",5,0.000570217754756186
"zoo",100,"base::sprintf",174,0.0198435778655153
